"","action_date","Frequency"
"1",2006-01-01,0
"2",2006-01-02,0
"3",2006-01-03,0
"4",2006-01-04,0
"5",2006-01-05,0
"6",2006-01-06,0
"7",2006-01-07,0
"8",2006-01-08,0
"9",2006-01-09,0
"10",2006-01-10,0
"11",2006-01-11,0
"12",2006-01-12,0
"13",2006-01-13,0
"14",2006-01-14,0
"15",2006-01-15,0
"16",2006-01-16,0
"17",2006-01-17,0
"18",2006-01-18,0
"19",2006-01-19,0
"20",2006-01-20,0
"21",2006-01-21,0
"22",2006-01-22,0
"23",2006-01-23,0
"24",2006-01-24,5
"25",2006-01-25,0
"26",2006-01-26,0
"27",2006-01-27,0
"28",2006-01-28,0
"29",2006-01-29,0
"30",2006-01-30,0
"31",2006-01-31,0
"32",2006-02-01,0
"33",2006-02-02,0
"34",2006-02-03,0
"35",2006-02-04,0
"36",2006-02-05,0
"37",2006-02-06,0
"38",2006-02-07,1
"39",2006-02-08,0
"40",2006-02-09,0
"41",2006-02-10,0
"42",2006-02-11,0
"43",2006-02-12,0
"44",2006-02-13,0
"45",2006-02-14,1
"46",2006-02-15,0
"47",2006-02-16,0
"48",2006-02-17,0
"49",2006-02-18,0
"50",2006-02-19,0
"51",2006-02-20,0
"52",2006-02-21,2
"53",2006-02-22,0
"54",2006-02-23,0
"55",2006-02-24,0
"56",2006-02-25,0
"57",2006-02-26,0
"58",2006-02-27,0
"59",2006-02-28,0
"60",2006-03-01,0
"61",2006-03-02,0
"62",2006-03-03,0
"63",2006-03-04,0
"64",2006-03-05,0
"65",2006-03-06,0
"66",2006-03-07,0
"67",2006-03-08,0
"68",2006-03-09,0
"69",2006-03-10,0
"70",2006-03-11,0
"71",2006-03-12,0
"72",2006-03-13,0
"73",2006-03-14,5
"74",2006-03-15,0
"75",2006-03-16,0
"76",2006-03-17,0
"77",2006-03-18,0
"78",2006-03-19,0
"79",2006-03-20,0
"80",2006-03-21,9
"81",2006-03-22,0
"82",2006-03-23,0
"83",2006-03-24,0
"84",2006-03-25,0
"85",2006-03-26,0
"86",2006-03-27,0
"87",2006-03-28,0
"88",2006-03-29,0
"89",2006-03-30,0
"90",2006-03-31,0
"91",2006-04-01,0
"92",2006-04-02,0
"93",2006-04-03,0
"94",2006-04-04,0
"95",2006-04-05,0
"96",2006-04-06,0
"97",2006-04-07,0
"98",2006-04-08,0
"99",2006-04-09,0
"100",2006-04-10,0
"101",2006-04-11,4
"102",2006-04-12,0
"103",2006-04-13,0
"104",2006-04-14,0
"105",2006-04-15,0
"106",2006-04-16,0
"107",2006-04-17,0
"108",2006-04-18,5
"109",2006-04-19,0
"110",2006-04-20,0
"111",2006-04-21,0
"112",2006-04-22,0
"113",2006-04-23,0
"114",2006-04-24,0
"115",2006-04-25,20
"116",2006-04-26,0
"117",2006-04-27,0
"118",2006-04-28,0
"119",2006-04-29,0
"120",2006-04-30,0
"121",2006-05-01,0
"122",2006-05-02,0
"123",2006-05-03,0
"124",2006-05-04,0
"125",2006-05-05,0
"126",2006-05-06,0
"127",2006-05-07,0
"128",2006-05-08,0
"129",2006-05-09,0
"130",2006-05-10,0
"131",2006-05-11,0
"132",2006-05-12,0
"133",2006-05-13,0
"134",2006-05-14,0
"135",2006-05-15,0
"136",2006-05-16,2
"137",2006-05-17,0
"138",2006-05-18,0
"139",2006-05-19,0
"140",2006-05-20,0
"141",2006-05-21,0
"142",2006-05-22,0
"143",2006-05-23,0
"144",2006-05-24,0
"145",2006-05-25,0
"146",2006-05-26,0
"147",2006-05-27,0
"148",2006-05-28,0
"149",2006-05-29,0
"150",2006-05-30,3
"151",2006-05-31,0
"152",2006-06-01,0
"153",2006-06-02,0
"154",2006-06-03,0
"155",2006-06-04,0
"156",2006-06-05,0
"157",2006-06-06,0
"158",2006-06-07,0
"159",2006-06-08,0
"160",2006-06-09,0
"161",2006-06-10,0
"162",2006-06-11,0
"163",2006-06-12,0
"164",2006-06-13,0
"165",2006-06-14,0
"166",2006-06-15,0
"167",2006-06-16,0
"168",2006-06-17,0
"169",2006-06-18,0
"170",2006-06-19,0
"171",2006-06-20,10
"172",2006-06-21,0
"173",2006-06-22,0
"174",2006-06-23,0
"175",2006-06-24,0
"176",2006-06-25,0
"177",2006-06-26,0
"178",2006-06-27,0
"179",2006-06-28,0
"180",2006-06-29,0
"181",2006-06-30,0
"182",2006-07-01,0
"183",2006-07-02,0
"184",2006-07-03,0
"185",2006-07-04,4
"186",2006-07-05,0
"187",2006-07-06,0
"188",2006-07-07,0
"189",2006-07-08,0
"190",2006-07-09,0
"191",2006-07-10,0
"192",2006-07-11,15
"193",2006-07-12,0
"194",2006-07-13,0
"195",2006-07-14,0
"196",2006-07-15,0
"197",2006-07-16,0
"198",2006-07-17,0
"199",2006-07-18,0
"200",2006-07-19,0
"201",2006-07-20,0
"202",2006-07-21,0
"203",2006-07-22,0
"204",2006-07-23,0
"205",2006-07-24,0
"206",2006-07-25,0
"207",2006-07-26,0
"208",2006-07-27,0
"209",2006-07-28,0
"210",2006-07-29,0
"211",2006-07-30,0
"212",2006-07-31,0
"213",2006-08-01,0
"214",2006-08-02,0
"215",2006-08-03,0
"216",2006-08-04,0
"217",2006-08-05,0
"218",2006-08-06,0
"219",2006-08-07,0
"220",2006-08-08,2
"221",2006-08-09,0
"222",2006-08-10,0
"223",2006-08-11,0
"224",2006-08-12,0
"225",2006-08-13,0
"226",2006-08-14,0
"227",2006-08-15,1
"228",2006-08-16,0
"229",2006-08-17,0
"230",2006-08-18,0
"231",2006-08-19,0
"232",2006-08-20,0
"233",2006-08-21,0
"234",2006-08-22,0
"235",2006-08-23,0
"236",2006-08-24,0
"237",2006-08-25,0
"238",2006-08-26,0
"239",2006-08-27,0
"240",2006-08-28,0
"241",2006-08-29,3
"242",2006-08-30,0
"243",2006-08-31,0
"244",2006-09-01,0
"245",2006-09-02,0
"246",2006-09-03,0
"247",2006-09-04,0
"248",2006-09-05,1
"249",2006-09-06,0
"250",2006-09-07,0
"251",2006-09-08,0
"252",2006-09-09,0
"253",2006-09-10,0
"254",2006-09-11,0
"255",2006-09-12,4
"256",2006-09-13,0
"257",2006-09-14,0
"258",2006-09-15,0
"259",2006-09-16,0
"260",2006-09-17,0
"261",2006-09-18,0
"262",2006-09-19,0
"263",2006-09-20,0
"264",2006-09-21,0
"265",2006-09-22,0
"266",2006-09-23,0
"267",2006-09-24,0
"268",2006-09-25,0
"269",2006-09-26,0
"270",2006-09-27,0
"271",2006-09-28,0
"272",2006-09-29,0
"273",2006-09-30,0
"274",2006-10-01,0
"275",2006-10-02,0
"276",2006-10-03,0
"277",2006-10-04,0
"278",2006-10-05,0
"279",2006-10-06,0
"280",2006-10-07,0
"281",2006-10-08,0
"282",2006-10-09,0
"283",2006-10-10,0
"284",2006-10-11,0
"285",2006-10-12,0
"286",2006-10-13,0
"287",2006-10-14,0
"288",2006-10-15,0
"289",2006-10-16,0
"290",2006-10-17,4
"291",2006-10-18,0
"292",2006-10-19,0
"293",2006-10-20,0
"294",2006-10-21,0
"295",2006-10-22,0
"296",2006-10-23,0
"297",2006-10-24,2
"298",2006-10-25,0
"299",2006-10-26,0
"300",2006-10-27,0
"301",2006-10-28,0
"302",2006-10-29,0
"303",2006-10-30,0
"304",2006-10-31,0
"305",2006-11-01,0
"306",2006-11-02,0
"307",2006-11-03,0
"308",2006-11-04,0
"309",2006-11-05,0
"310",2006-11-06,0
"311",2006-11-07,0
"312",2006-11-08,0
"313",2006-11-09,0
"314",2006-11-10,0
"315",2006-11-11,0
"316",2006-11-12,0
"317",2006-11-13,0
"318",2006-11-14,0
"319",2006-11-15,0
"320",2006-11-16,0
"321",2006-11-17,0
"322",2006-11-18,0
"323",2006-11-19,0
"324",2006-11-20,0
"325",2006-11-21,0
"326",2006-11-22,0
"327",2006-11-23,0
"328",2006-11-24,0
"329",2006-11-25,0
"330",2006-11-26,0
"331",2006-11-27,0
"332",2006-11-28,0
"333",2006-11-29,0
"334",2006-11-30,0
"335",2006-12-01,0
"336",2006-12-02,0
"337",2006-12-03,0
"338",2006-12-04,0
"339",2006-12-05,0
"340",2006-12-06,0
"341",2006-12-07,0
"342",2006-12-08,0
"343",2006-12-09,0
"344",2006-12-10,0
"345",2006-12-11,0
"346",2006-12-12,5
"347",2006-12-13,0
"348",2006-12-14,0
"349",2006-12-15,0
"350",2006-12-16,0
"351",2006-12-17,0
"352",2006-12-18,0
"353",2006-12-19,0
"354",2006-12-20,0
"355",2006-12-21,0
"356",2006-12-22,0
"357",2006-12-23,0
"358",2006-12-24,0
"359",2006-12-25,0
"360",2006-12-26,0
"361",2006-12-27,0
"362",2006-12-28,0
"363",2006-12-29,0
"364",2006-12-30,0
"365",2006-12-31,0
"366",2007-01-01,0
"367",2007-01-02,0
"368",2007-01-03,0
"369",2007-01-04,0
"370",2007-01-05,0
"371",2007-01-06,0
"372",2007-01-07,0
"373",2007-01-08,0
"374",2007-01-09,6
"375",2007-01-10,0
"376",2007-01-11,0
"377",2007-01-12,0
"378",2007-01-13,0
"379",2007-01-14,0
"380",2007-01-15,0
"381",2007-01-16,3
"382",2007-01-17,0
"383",2007-01-18,0
"384",2007-01-19,0
"385",2007-01-20,0
"386",2007-01-21,0
"387",2007-01-22,0
"388",2007-01-23,11
"389",2007-01-24,0
"390",2007-01-25,0
"391",2007-01-26,0
"392",2007-01-27,0
"393",2007-01-28,0
"394",2007-01-29,0
"395",2007-01-30,4
"396",2007-01-31,0
"397",2007-02-01,0
"398",2007-02-02,0
"399",2007-02-03,0
"400",2007-02-04,0
"401",2007-02-05,0
"402",2007-02-06,1
"403",2007-02-07,0
"404",2007-02-08,0
"405",2007-02-09,0
"406",2007-02-10,0
"407",2007-02-11,0
"408",2007-02-12,0
"409",2007-02-13,0
"410",2007-02-14,0
"411",2007-02-15,0
"412",2007-02-16,0
"413",2007-02-17,0
"414",2007-02-18,0
"415",2007-02-19,0
"416",2007-02-20,4
"417",2007-02-21,0
"418",2007-02-22,0
"419",2007-02-23,0
"420",2007-02-24,0
"421",2007-02-25,0
"422",2007-02-26,0
"423",2007-02-27,0
"424",2007-02-28,0
"425",2007-03-01,0
"426",2007-03-02,0
"427",2007-03-03,0
"428",2007-03-04,0
"429",2007-03-05,0
"430",2007-03-06,6
"431",2007-03-07,0
"432",2007-03-08,0
"433",2007-03-09,0
"434",2007-03-10,0
"435",2007-03-11,0
"436",2007-03-12,0
"437",2007-03-13,0
"438",2007-03-14,0
"439",2007-03-15,0
"440",2007-03-16,0
"441",2007-03-17,0
"442",2007-03-18,0
"443",2007-03-19,0
"444",2007-03-20,2
"445",2007-03-21,0
"446",2007-03-22,0
"447",2007-03-23,0
"448",2007-03-24,0
"449",2007-03-25,0
"450",2007-03-26,0
"451",2007-03-27,0
"452",2007-03-28,0
"453",2007-03-29,0
"454",2007-03-30,0
"455",2007-03-31,0
"456",2007-04-01,0
"457",2007-04-02,0
"458",2007-04-03,0
"459",2007-04-04,0
"460",2007-04-05,0
"461",2007-04-06,0
"462",2007-04-07,0
"463",2007-04-08,0
"464",2007-04-09,0
"465",2007-04-10,0
"466",2007-04-11,0
"467",2007-04-12,0
"468",2007-04-13,0
"469",2007-04-14,0
"470",2007-04-15,0
"471",2007-04-16,0
"472",2007-04-17,0
"473",2007-04-18,0
"474",2007-04-19,0
"475",2007-04-20,0
"476",2007-04-21,0
"477",2007-04-22,0
"478",2007-04-23,0
"479",2007-04-24,0
"480",2007-04-25,0
"481",2007-04-26,0
"482",2007-04-27,0
"483",2007-04-28,0
"484",2007-04-29,0
"485",2007-04-30,0
"486",2007-05-01,3
"487",2007-05-02,0
"488",2007-05-03,0
"489",2007-05-04,0
"490",2007-05-05,0
"491",2007-05-06,0
"492",2007-05-07,0
"493",2007-05-08,5
"494",2007-05-09,0
"495",2007-05-10,0
"496",2007-05-11,0
"497",2007-05-12,0
"498",2007-05-13,0
"499",2007-05-14,0
"500",2007-05-15,0
"501",2007-05-16,0
"502",2007-05-17,0
"503",2007-05-18,0
"504",2007-05-19,0
"505",2007-05-20,0
"506",2007-05-21,0
"507",2007-05-22,0
"508",2007-05-23,0
"509",2007-05-24,0
"510",2007-05-25,0
"511",2007-05-26,0
"512",2007-05-27,0
"513",2007-05-28,0
"514",2007-05-29,5
"515",2007-05-30,0
"516",2007-05-31,0
"517",2007-06-01,0
"518",2007-06-02,0
"519",2007-06-03,0
"520",2007-06-04,0
"521",2007-06-05,0
"522",2007-06-06,0
"523",2007-06-07,0
"524",2007-06-08,0
"525",2007-06-09,0
"526",2007-06-10,0
"527",2007-06-11,0
"528",2007-06-12,3
"529",2007-06-13,0
"530",2007-06-14,0
"531",2007-06-15,0
"532",2007-06-16,0
"533",2007-06-17,0
"534",2007-06-18,0
"535",2007-06-19,1
"536",2007-06-20,0
"537",2007-06-21,0
"538",2007-06-22,0
"539",2007-06-23,0
"540",2007-06-24,0
"541",2007-06-25,0
"542",2007-06-26,0
"543",2007-06-27,0
"544",2007-06-28,0
"545",2007-06-29,0
"546",2007-06-30,0
"547",2007-07-01,0
"548",2007-07-02,0
"549",2007-07-03,1
"550",2007-07-04,0
"551",2007-07-05,0
"552",2007-07-06,0
"553",2007-07-07,0
"554",2007-07-08,0
"555",2007-07-09,0
"556",2007-07-10,0
"557",2007-07-11,0
"558",2007-07-12,0
"559",2007-07-13,0
"560",2007-07-14,0
"561",2007-07-15,0
"562",2007-07-16,0
"563",2007-07-17,0
"564",2007-07-18,0
"565",2007-07-19,0
"566",2007-07-20,0
"567",2007-07-21,0
"568",2007-07-22,0
"569",2007-07-23,0
"570",2007-07-24,0
"571",2007-07-25,0
"572",2007-07-26,0
"573",2007-07-27,0
"574",2007-07-28,0
"575",2007-07-29,0
"576",2007-07-30,0
"577",2007-07-31,0
"578",2007-08-01,0
"579",2007-08-02,0
"580",2007-08-03,0
"581",2007-08-04,0
"582",2007-08-05,0
"583",2007-08-06,0
"584",2007-08-07,0
"585",2007-08-08,0
"586",2007-08-09,0
"587",2007-08-10,0
"588",2007-08-11,0
"589",2007-08-12,0
"590",2007-08-13,0
"591",2007-08-14,0
"592",2007-08-15,0
"593",2007-08-16,0
"594",2007-08-17,0
"595",2007-08-18,0
"596",2007-08-19,0
"597",2007-08-20,0
"598",2007-08-21,1
"599",2007-08-22,0
"600",2007-08-23,0
"601",2007-08-24,0
"602",2007-08-25,0
"603",2007-08-26,0
"604",2007-08-27,0
"605",2007-08-28,0
"606",2007-08-29,0
"607",2007-08-30,0
"608",2007-08-31,0
"609",2007-09-01,0
"610",2007-09-02,0
"611",2007-09-03,0
"612",2007-09-04,0
"613",2007-09-05,0
"614",2007-09-06,0
"615",2007-09-07,0
"616",2007-09-08,0
"617",2007-09-09,0
"618",2007-09-10,0
"619",2007-09-11,0
"620",2007-09-12,0
"621",2007-09-13,0
"622",2007-09-14,0
"623",2007-09-15,0
"624",2007-09-16,0
"625",2007-09-17,0
"626",2007-09-18,1
"627",2007-09-19,0
"628",2007-09-20,0
"629",2007-09-21,0
"630",2007-09-22,0
"631",2007-09-23,0
"632",2007-09-24,0
"633",2007-09-25,3
"634",2007-09-26,0
"635",2007-09-27,0
"636",2007-09-28,0
"637",2007-09-29,0
"638",2007-09-30,0
"639",2007-10-01,0
"640",2007-10-02,0
"641",2007-10-03,0
"642",2007-10-04,0
"643",2007-10-05,0
"644",2007-10-06,0
"645",2007-10-07,0
"646",2007-10-08,0
"647",2007-10-09,0
"648",2007-10-10,0
"649",2007-10-11,0
"650",2007-10-12,0
"651",2007-10-13,0
"652",2007-10-14,0
"653",2007-10-15,0
"654",2007-10-16,0
"655",2007-10-17,0
"656",2007-10-18,0
"657",2007-10-19,0
"658",2007-10-20,0
"659",2007-10-21,0
"660",2007-10-22,0
"661",2007-10-23,6
"662",2007-10-24,0
"663",2007-10-25,0
"664",2007-10-26,0
"665",2007-10-27,0
"666",2007-10-28,0
"667",2007-10-29,0
"668",2007-10-30,0
"669",2007-10-31,0
"670",2007-11-01,0
"671",2007-11-02,0
"672",2007-11-03,0
"673",2007-11-04,0
"674",2007-11-05,0
"675",2007-11-06,0
"676",2007-11-07,0
"677",2007-11-08,0
"678",2007-11-09,0
"679",2007-11-10,0
"680",2007-11-11,0
"681",2007-11-12,0
"682",2007-11-13,0
"683",2007-11-14,0
"684",2007-11-15,0
"685",2007-11-16,0
"686",2007-11-17,0
"687",2007-11-18,0
"688",2007-11-19,0
"689",2007-11-20,0
"690",2007-11-21,0
"691",2007-11-22,0
"692",2007-11-23,0
"693",2007-11-24,0
"694",2007-11-25,0
"695",2007-11-26,0
"696",2007-11-27,0
"697",2007-11-28,0
"698",2007-11-29,0
"699",2007-11-30,0
"700",2007-12-01,0
"701",2007-12-02,0
"702",2007-12-03,0
"703",2007-12-04,0
"704",2007-12-05,0
"705",2007-12-06,0
"706",2007-12-07,0
"707",2007-12-08,0
"708",2007-12-09,0
"709",2007-12-10,0
"710",2007-12-11,0
"711",2007-12-12,0
"712",2007-12-13,0
"713",2007-12-14,0
"714",2007-12-15,0
"715",2007-12-16,0
"716",2007-12-17,0
"717",2007-12-18,0
"718",2007-12-19,0
"719",2007-12-20,0
"720",2007-12-21,0
"721",2007-12-22,0
"722",2007-12-23,0
"723",2007-12-24,0
"724",2007-12-25,0
"725",2007-12-26,0
"726",2007-12-27,0
"727",2007-12-28,0
"728",2007-12-29,0
"729",2007-12-30,0
"730",2007-12-31,0
"731",2008-01-01,0
"732",2008-01-02,0
"733",2008-01-03,0
"734",2008-01-04,0
"735",2008-01-05,0
"736",2008-01-06,0
"737",2008-01-07,0
"738",2008-01-08,0
"739",2008-01-09,0
"740",2008-01-10,0
"741",2008-01-11,0
"742",2008-01-12,0
"743",2008-01-13,0
"744",2008-01-14,0
"745",2008-01-15,2
"746",2008-01-16,0
"747",2008-01-17,0
"748",2008-01-18,0
"749",2008-01-19,0
"750",2008-01-20,0
"751",2008-01-21,0
"752",2008-01-22,0
"753",2008-01-23,0
"754",2008-01-24,0
"755",2008-01-25,0
"756",2008-01-26,0
"757",2008-01-27,0
"758",2008-01-28,0
"759",2008-01-29,0
"760",2008-01-30,0
"761",2008-01-31,0
"762",2008-02-01,0
"763",2008-02-02,0
"764",2008-02-03,0
"765",2008-02-04,0
"766",2008-02-05,4
"767",2008-02-06,0
"768",2008-02-07,0
"769",2008-02-08,0
"770",2008-02-09,0
"771",2008-02-10,0
"772",2008-02-11,0
"773",2008-02-12,11
"774",2008-02-13,0
"775",2008-02-14,0
"776",2008-02-15,0
"777",2008-02-16,0
"778",2008-02-17,0
"779",2008-02-18,0
"780",2008-02-19,0
"781",2008-02-20,0
"782",2008-02-21,0
"783",2008-02-22,0
"784",2008-02-23,0
"785",2008-02-24,0
"786",2008-02-25,0
"787",2008-02-26,2
"788",2008-02-27,0
"789",2008-02-28,0
"790",2008-02-29,0
"791",2008-03-01,0
"792",2008-03-02,0
"793",2008-03-03,0
"794",2008-03-04,0
"795",2008-03-05,0
"796",2008-03-06,0
"797",2008-03-07,0
"798",2008-03-08,0
"799",2008-03-09,0
"800",2008-03-10,0
"801",2008-03-11,0
"802",2008-03-12,0
"803",2008-03-13,0
"804",2008-03-14,0
"805",2008-03-15,0
"806",2008-03-16,0
"807",2008-03-17,0
"808",2008-03-18,0
"809",2008-03-19,0
"810",2008-03-20,0
"811",2008-03-21,0
"812",2008-03-22,0
"813",2008-03-23,0
"814",2008-03-24,0
"815",2008-03-25,0
"816",2008-03-26,0
"817",2008-03-27,0
"818",2008-03-28,0
"819",2008-03-29,0
"820",2008-03-30,0
"821",2008-03-31,0
"822",2008-04-01,2
"823",2008-04-02,0
"824",2008-04-03,0
"825",2008-04-04,0
"826",2008-04-05,0
"827",2008-04-06,0
"828",2008-04-07,0
"829",2008-04-08,0
"830",2008-04-09,0
"831",2008-04-10,0
"832",2008-04-11,0
"833",2008-04-12,0
"834",2008-04-13,0
"835",2008-04-14,0
"836",2008-04-15,0
"837",2008-04-16,0
"838",2008-04-17,0
"839",2008-04-18,0
"840",2008-04-19,0
"841",2008-04-20,0
"842",2008-04-21,0
"843",2008-04-22,0
"844",2008-04-23,0
"845",2008-04-24,0
"846",2008-04-25,0
"847",2008-04-26,0
"848",2008-04-27,0
"849",2008-04-28,0
"850",2008-04-29,0
"851",2008-04-30,0
"852",2008-05-01,0
"853",2008-05-02,0
"854",2008-05-03,0
"855",2008-05-04,0
"856",2008-05-05,0
"857",2008-05-06,3
"858",2008-05-07,0
"859",2008-05-08,0
"860",2008-05-09,0
"861",2008-05-10,0
"862",2008-05-11,0
"863",2008-05-12,0
"864",2008-05-13,0
"865",2008-05-14,0
"866",2008-05-15,0
"867",2008-05-16,0
"868",2008-05-17,0
"869",2008-05-18,0
"870",2008-05-19,0
"871",2008-05-20,0
"872",2008-05-21,0
"873",2008-05-22,0
"874",2008-05-23,0
"875",2008-05-24,0
"876",2008-05-25,0
"877",2008-05-26,0
"878",2008-05-27,1
"879",2008-05-28,0
"880",2008-05-29,0
"881",2008-05-30,0
"882",2008-05-31,0
"883",2008-06-01,0
"884",2008-06-02,0
"885",2008-06-03,0
"886",2008-06-04,0
"887",2008-06-05,0
"888",2008-06-06,0
"889",2008-06-07,0
"890",2008-06-08,0
"891",2008-06-09,0
"892",2008-06-10,1
"893",2008-06-11,0
"894",2008-06-12,0
"895",2008-06-13,0
"896",2008-06-14,0
"897",2008-06-15,0
"898",2008-06-16,0
"899",2008-06-17,2
"900",2008-06-18,0
"901",2008-06-19,0
"902",2008-06-20,0
"903",2008-06-21,0
"904",2008-06-22,0
"905",2008-06-23,0
"906",2008-06-24,18
"907",2008-06-25,0
"908",2008-06-26,0
"909",2008-06-27,0
"910",2008-06-28,0
"911",2008-06-29,0
"912",2008-06-30,0
"913",2008-07-01,0
"914",2008-07-02,0
"915",2008-07-03,0
"916",2008-07-04,0
"917",2008-07-05,0
"918",2008-07-06,0
"919",2008-07-07,0
"920",2008-07-08,4
"921",2008-07-09,0
"922",2008-07-10,0
"923",2008-07-11,0
"924",2008-07-12,0
"925",2008-07-13,0
"926",2008-07-14,0
"927",2008-07-15,4
"928",2008-07-16,0
"929",2008-07-17,0
"930",2008-07-18,0
"931",2008-07-19,0
"932",2008-07-20,0
"933",2008-07-21,0
"934",2008-07-22,14
"935",2008-07-23,0
"936",2008-07-24,0
"937",2008-07-25,0
"938",2008-07-26,0
"939",2008-07-27,0
"940",2008-07-28,0
"941",2008-07-29,0
"942",2008-07-30,0
"943",2008-07-31,0
"944",2008-08-01,0
"945",2008-08-02,0
"946",2008-08-03,0
"947",2008-08-04,0
"948",2008-08-05,6
"949",2008-08-06,0
"950",2008-08-07,0
"951",2008-08-08,0
"952",2008-08-09,0
"953",2008-08-10,0
"954",2008-08-11,0
"955",2008-08-12,0
"956",2008-08-13,0
"957",2008-08-14,0
"958",2008-08-15,0
"959",2008-08-16,0
"960",2008-08-17,0
"961",2008-08-18,0
"962",2008-08-19,0
"963",2008-08-20,0
"964",2008-08-21,0
"965",2008-08-22,0
"966",2008-08-23,0
"967",2008-08-24,0
"968",2008-08-25,0
"969",2008-08-26,0
"970",2008-08-27,0
"971",2008-08-28,0
"972",2008-08-29,0
"973",2008-08-30,0
"974",2008-08-31,0
"975",2008-09-01,0
"976",2008-09-02,2
"977",2008-09-03,0
"978",2008-09-04,0
"979",2008-09-05,0
"980",2008-09-06,0
"981",2008-09-07,0
"982",2008-09-08,0
"983",2008-09-09,0
"984",2008-09-10,0
"985",2008-09-11,0
"986",2008-09-12,0
"987",2008-09-13,0
"988",2008-09-14,0
"989",2008-09-15,0
"990",2008-09-16,5
"991",2008-09-17,0
"992",2008-09-18,0
"993",2008-09-19,0
"994",2008-09-20,0
"995",2008-09-21,0
"996",2008-09-22,0
"997",2008-09-23,0
"998",2008-09-24,0
"999",2008-09-25,0
"1000",2008-09-26,0
"1001",2008-09-27,0
"1002",2008-09-28,0
"1003",2008-09-29,0
"1004",2008-09-30,10
"1005",2008-10-01,0
"1006",2008-10-02,0
"1007",2008-10-03,0
"1008",2008-10-04,0
"1009",2008-10-05,0
"1010",2008-10-06,0
"1011",2008-10-07,3
"1012",2008-10-08,0
"1013",2008-10-09,0
"1014",2008-10-10,0
"1015",2008-10-11,0
"1016",2008-10-12,0
"1017",2008-10-13,0
"1018",2008-10-14,5
"1019",2008-10-15,0
"1020",2008-10-16,0
"1021",2008-10-17,0
"1022",2008-10-18,0
"1023",2008-10-19,0
"1024",2008-10-20,0
"1025",2008-10-21,18
"1026",2008-10-22,0
"1027",2008-10-23,0
"1028",2008-10-24,0
"1029",2008-10-25,0
"1030",2008-10-26,0
"1031",2008-10-27,0
"1032",2008-10-28,2
"1033",2008-10-29,0
"1034",2008-10-30,0
"1035",2008-10-31,0
"1036",2008-11-01,0
"1037",2008-11-02,0
"1038",2008-11-03,0
"1039",2008-11-04,4
"1040",2008-11-05,0
"1041",2008-11-06,0
"1042",2008-11-07,0
"1043",2008-11-08,0
"1044",2008-11-09,0
"1045",2008-11-10,0
"1046",2008-11-11,0
"1047",2008-11-12,0
"1048",2008-11-13,0
"1049",2008-11-14,0
"1050",2008-11-15,0
"1051",2008-11-16,0
"1052",2008-11-17,0
"1053",2008-11-18,0
"1054",2008-11-19,0
"1055",2008-11-20,0
"1056",2008-11-21,0
"1057",2008-11-22,0
"1058",2008-11-23,0
"1059",2008-11-24,0
"1060",2008-11-25,6
"1061",2008-11-26,0
"1062",2008-11-27,0
"1063",2008-11-28,0
"1064",2008-11-29,0
"1065",2008-11-30,0
"1066",2008-12-01,0
"1067",2008-12-02,11
"1068",2008-12-03,0
"1069",2008-12-04,0
"1070",2008-12-05,0
"1071",2008-12-06,0
"1072",2008-12-07,0
"1073",2008-12-08,0
"1074",2008-12-09,0
"1075",2008-12-10,0
"1076",2008-12-11,0
"1077",2008-12-12,0
"1078",2008-12-13,0
"1079",2008-12-14,0
"1080",2008-12-15,0
"1081",2008-12-16,6
"1082",2008-12-17,0
"1083",2008-12-18,0
"1084",2008-12-19,0
"1085",2008-12-20,0
"1086",2008-12-21,0
"1087",2008-12-22,0
"1088",2008-12-23,12
"1089",2008-12-24,0
"1090",2008-12-25,0
"1091",2008-12-26,0
"1092",2008-12-27,0
"1093",2008-12-28,0
"1094",2008-12-29,0
"1095",2008-12-30,1
"1096",2008-12-31,0
"1097",2009-01-01,0
"1098",2009-01-02,0
"1099",2009-01-03,0
"1100",2009-01-04,0
"1101",2009-01-05,0
"1102",2009-01-06,0
"1103",2009-01-07,0
"1104",2009-01-08,0
"1105",2009-01-09,0
"1106",2009-01-10,0
"1107",2009-01-11,0
"1108",2009-01-12,0
"1109",2009-01-13,2
"1110",2009-01-14,0
"1111",2009-01-15,0
"1112",2009-01-16,0
"1113",2009-01-17,0
"1114",2009-01-18,0
"1115",2009-01-19,0
"1116",2009-01-20,0
"1117",2009-01-21,0
"1118",2009-01-22,0
"1119",2009-01-23,0
"1120",2009-01-24,0
"1121",2009-01-25,0
"1122",2009-01-26,0
"1123",2009-01-27,0
"1124",2009-01-28,0
"1125",2009-01-29,0
"1126",2009-01-30,0
"1127",2009-01-31,0
"1128",2009-02-01,0
"1129",2009-02-02,0
"1130",2009-02-03,0
"1131",2009-02-04,0
"1132",2009-02-05,0
"1133",2009-02-06,0
"1134",2009-02-07,0
"1135",2009-02-08,0
"1136",2009-02-09,0
"1137",2009-02-10,0
"1138",2009-02-11,0
"1139",2009-02-12,0
"1140",2009-02-13,0
"1141",2009-02-14,0
"1142",2009-02-15,0
"1143",2009-02-16,0
"1144",2009-02-17,6
"1145",2009-02-18,0
"1146",2009-02-19,0
"1147",2009-02-20,0
"1148",2009-02-21,0
"1149",2009-02-22,0
"1150",2009-02-23,0
"1151",2009-02-24,0
"1152",2009-02-25,0
"1153",2009-02-26,0
"1154",2009-02-27,0
"1155",2009-02-28,0
"1156",2009-03-01,0
"1157",2009-03-02,0
"1158",2009-03-03,7
"1159",2009-03-04,0
"1160",2009-03-05,0
"1161",2009-03-06,0
"1162",2009-03-07,0
"1163",2009-03-08,0
"1164",2009-03-09,0
"1165",2009-03-10,0
"1166",2009-03-11,0
"1167",2009-03-12,0
"1168",2009-03-13,0
"1169",2009-03-14,0
"1170",2009-03-15,0
"1171",2009-03-16,0
"1172",2009-03-17,1
"1173",2009-03-18,0
"1174",2009-03-19,0
"1175",2009-03-20,0
"1176",2009-03-21,0
"1177",2009-03-22,0
"1178",2009-03-23,0
"1179",2009-03-24,3
"1180",2009-03-25,0
"1181",2009-03-26,0
"1182",2009-03-27,0
"1183",2009-03-28,0
"1184",2009-03-29,0
"1185",2009-03-30,0
"1186",2009-03-31,0
"1187",2009-04-01,0
"1188",2009-04-02,0
"1189",2009-04-03,0
"1190",2009-04-04,0
"1191",2009-04-05,0
"1192",2009-04-06,0
"1193",2009-04-07,0
"1194",2009-04-08,0
"1195",2009-04-09,0
"1196",2009-04-10,0
"1197",2009-04-11,0
"1198",2009-04-12,0
"1199",2009-04-13,0
"1200",2009-04-14,3
"1201",2009-04-15,0
"1202",2009-04-16,0
"1203",2009-04-17,0
"1204",2009-04-18,0
"1205",2009-04-19,0
"1206",2009-04-20,0
"1207",2009-04-21,0
"1208",2009-04-22,0
"1209",2009-04-23,0
"1210",2009-04-24,0
"1211",2009-04-25,0
"1212",2009-04-26,0
"1213",2009-04-27,0
"1214",2009-04-28,3
"1215",2009-04-29,0
"1216",2009-04-30,0
"1217",2009-05-01,0
"1218",2009-05-02,0
"1219",2009-05-03,0
"1220",2009-05-04,0
"1221",2009-05-05,0
"1222",2009-05-06,0
"1223",2009-05-07,0
"1224",2009-05-08,0
"1225",2009-05-09,0
"1226",2009-05-10,0
"1227",2009-05-11,0
"1228",2009-05-12,1
"1229",2009-05-13,0
"1230",2009-05-14,0
"1231",2009-05-15,0
"1232",2009-05-16,0
"1233",2009-05-17,0
"1234",2009-05-18,0
"1235",2009-05-19,1
"1236",2009-05-20,0
"1237",2009-05-21,0
"1238",2009-05-22,0
"1239",2009-05-23,0
"1240",2009-05-24,0
"1241",2009-05-25,0
"1242",2009-05-26,0
"1243",2009-05-27,0
"1244",2009-05-28,0
"1245",2009-05-29,0
"1246",2009-05-30,0
"1247",2009-05-31,0
"1248",2009-06-01,0
"1249",2009-06-02,0
"1250",2009-06-03,0
"1251",2009-06-04,0
"1252",2009-06-05,0
"1253",2009-06-06,0
"1254",2009-06-07,0
"1255",2009-06-08,0
"1256",2009-06-09,0
"1257",2009-06-10,0
"1258",2009-06-11,0
"1259",2009-06-12,0
"1260",2009-06-13,0
"1261",2009-06-14,0
"1262",2009-06-15,0
"1263",2009-06-16,0
"1264",2009-06-17,0
"1265",2009-06-18,0
"1266",2009-06-19,0
"1267",2009-06-20,0
"1268",2009-06-21,0
"1269",2009-06-22,0
"1270",2009-06-23,0
"1271",2009-06-24,0
"1272",2009-06-25,0
"1273",2009-06-26,0
"1274",2009-06-27,0
"1275",2009-06-28,0
"1276",2009-06-29,0
"1277",2009-06-30,0
"1278",2009-07-01,0
"1279",2009-07-02,0
"1280",2009-07-03,0
"1281",2009-07-04,0
"1282",2009-07-05,0
"1283",2009-07-06,0
"1284",2009-07-07,0
"1285",2009-07-08,0
"1286",2009-07-09,0
"1287",2009-07-10,0
"1288",2009-07-11,0
"1289",2009-07-12,0
"1290",2009-07-13,0
"1291",2009-07-14,0
"1292",2009-07-15,0
"1293",2009-07-16,0
"1294",2009-07-17,0
"1295",2009-07-18,0
"1296",2009-07-19,0
"1297",2009-07-20,0
"1298",2009-07-21,2
"1299",2009-07-22,0
"1300",2009-07-23,0
"1301",2009-07-24,0
"1302",2009-07-25,0
"1303",2009-07-26,0
"1304",2009-07-27,0
"1305",2009-07-28,0
"1306",2009-07-29,0
"1307",2009-07-30,0
"1308",2009-07-31,0
"1309",2009-08-01,0
"1310",2009-08-02,0
"1311",2009-08-03,0
"1312",2009-08-04,4
"1313",2009-08-05,0
"1314",2009-08-06,0
"1315",2009-08-07,0
"1316",2009-08-08,0
"1317",2009-08-09,0
"1318",2009-08-10,0
"1319",2009-08-11,5
"1320",2009-08-12,0
"1321",2009-08-13,0
"1322",2009-08-14,0
"1323",2009-08-15,0
"1324",2009-08-16,0
"1325",2009-08-17,0
"1326",2009-08-18,0
"1327",2009-08-19,0
"1328",2009-08-20,0
"1329",2009-08-21,0
"1330",2009-08-22,0
"1331",2009-08-23,0
"1332",2009-08-24,0
"1333",2009-08-25,10
"1334",2009-08-26,0
"1335",2009-08-27,0
"1336",2009-08-28,0
"1337",2009-08-29,0
"1338",2009-08-30,0
"1339",2009-08-31,0
"1340",2009-09-01,0
"1341",2009-09-02,0
"1342",2009-09-03,0
"1343",2009-09-04,0
"1344",2009-09-05,0
"1345",2009-09-06,0
"1346",2009-09-07,0
"1347",2009-09-08,0
"1348",2009-09-09,0
"1349",2009-09-10,0
"1350",2009-09-11,0
"1351",2009-09-12,0
"1352",2009-09-13,0
"1353",2009-09-14,0
"1354",2009-09-15,0
"1355",2009-09-16,0
"1356",2009-09-17,0
"1357",2009-09-18,0
"1358",2009-09-19,0
"1359",2009-09-20,0
"1360",2009-09-21,0
"1361",2009-09-22,7
"1362",2009-09-23,0
"1363",2009-09-24,0
"1364",2009-09-25,0
"1365",2009-09-26,0
"1366",2009-09-27,0
"1367",2009-09-28,0
"1368",2009-09-29,14
"1369",2009-09-30,0
"1370",2009-10-01,0
"1371",2009-10-02,0
"1372",2009-10-03,0
"1373",2009-10-04,0
"1374",2009-10-05,0
"1375",2009-10-06,0
"1376",2009-10-07,0
"1377",2009-10-08,0
"1378",2009-10-09,0
"1379",2009-10-10,0
"1380",2009-10-11,0
"1381",2009-10-12,0
"1382",2009-10-13,1
"1383",2009-10-14,0
"1384",2009-10-15,0
"1385",2009-10-16,0
"1386",2009-10-17,0
"1387",2009-10-18,0
"1388",2009-10-19,0
"1389",2009-10-20,5
"1390",2009-10-21,0
"1391",2009-10-22,0
"1392",2009-10-23,0
"1393",2009-10-24,0
"1394",2009-10-25,0
"1395",2009-10-26,0
"1396",2009-10-27,2
"1397",2009-10-28,0
"1398",2009-10-29,0
"1399",2009-10-30,0
"1400",2009-10-31,0
"1401",2009-11-01,0
"1402",2009-11-02,0
"1403",2009-11-03,0
"1404",2009-11-04,0
"1405",2009-11-05,0
"1406",2009-11-06,0
"1407",2009-11-07,0
"1408",2009-11-08,0
"1409",2009-11-09,0
"1410",2009-11-10,1
"1411",2009-11-11,0
"1412",2009-11-12,0
"1413",2009-11-13,0
"1414",2009-11-14,0
"1415",2009-11-15,0
"1416",2009-11-16,0
"1417",2009-11-17,0
"1418",2009-11-18,0
"1419",2009-11-19,0
"1420",2009-11-20,0
"1421",2009-11-21,0
"1422",2009-11-22,0
"1423",2009-11-23,0
"1424",2009-11-24,2
"1425",2009-11-25,0
"1426",2009-11-26,0
"1427",2009-11-27,0
"1428",2009-11-28,0
"1429",2009-11-29,0
"1430",2009-11-30,0
"1431",2009-12-01,13
"1432",2009-12-02,0
"1433",2009-12-03,0
"1434",2009-12-04,0
"1435",2009-12-05,0
"1436",2009-12-06,0
"1437",2009-12-07,0
"1438",2009-12-08,2
"1439",2009-12-09,0
"1440",2009-12-10,0
"1441",2009-12-11,0
"1442",2009-12-12,0
"1443",2009-12-13,0
"1444",2009-12-14,0
"1445",2009-12-15,4
"1446",2009-12-16,0
"1447",2009-12-17,0
"1448",2009-12-18,0
"1449",2009-12-19,0
"1450",2009-12-20,0
"1451",2009-12-21,0
"1452",2009-12-22,1
"1453",2009-12-23,0
"1454",2009-12-24,0
"1455",2009-12-25,0
"1456",2009-12-26,0
"1457",2009-12-27,0
"1458",2009-12-28,0
"1459",2009-12-29,2
"1460",2009-12-30,0
"1461",2009-12-31,0
"1462",2010-01-01,0
"1463",2010-01-02,0
"1464",2010-01-03,0
"1465",2010-01-04,0
"1466",2010-01-05,0
"1467",2010-01-06,0
"1468",2010-01-07,0
"1469",2010-01-08,0
"1470",2010-01-09,0
"1471",2010-01-10,0
"1472",2010-01-11,0
"1473",2010-01-12,0
"1474",2010-01-13,0
"1475",2010-01-14,0
"1476",2010-01-15,0
"1477",2010-01-16,0
"1478",2010-01-17,0
"1479",2010-01-18,0
"1480",2010-01-19,0
"1481",2010-01-20,0
"1482",2010-01-21,0
"1483",2010-01-22,0
"1484",2010-01-23,0
"1485",2010-01-24,0
"1486",2010-01-25,0
"1487",2010-01-26,10
"1488",2010-01-27,0
"1489",2010-01-28,0
"1490",2010-01-29,0
"1491",2010-01-30,0
"1492",2010-01-31,0
"1493",2010-02-01,0
"1494",2010-02-02,3
"1495",2010-02-03,0
"1496",2010-02-04,0
"1497",2010-02-05,0
"1498",2010-02-06,0
"1499",2010-02-07,0
"1500",2010-02-08,0
"1501",2010-02-09,0
"1502",2010-02-10,0
"1503",2010-02-11,0
"1504",2010-02-12,0
"1505",2010-02-13,0
"1506",2010-02-14,0
"1507",2010-02-15,0
"1508",2010-02-16,1
"1509",2010-02-17,0
"1510",2010-02-18,0
"1511",2010-02-19,0
"1512",2010-02-20,0
"1513",2010-02-21,0
"1514",2010-02-22,0
"1515",2010-02-23,14
"1516",2010-02-24,0
"1517",2010-02-25,0
"1518",2010-02-26,0
"1519",2010-02-27,0
"1520",2010-02-28,0
"1521",2010-03-01,0
"1522",2010-03-02,1
"1523",2010-03-03,0
"1524",2010-03-04,0
"1525",2010-03-05,0
"1526",2010-03-06,0
"1527",2010-03-07,0
"1528",2010-03-08,0
"1529",2010-03-09,1
"1530",2010-03-10,0
"1531",2010-03-11,0
"1532",2010-03-12,0
"1533",2010-03-13,0
"1534",2010-03-14,0
"1535",2010-03-15,0
"1536",2010-03-16,3
"1537",2010-03-17,0
"1538",2010-03-18,0
"1539",2010-03-19,0
"1540",2010-03-20,0
"1541",2010-03-21,0
"1542",2010-03-22,0
"1543",2010-03-23,3
"1544",2010-03-24,0
"1545",2010-03-25,0
"1546",2010-03-26,0
"1547",2010-03-27,0
"1548",2010-03-28,0
"1549",2010-03-29,0
"1550",2010-03-30,0
"1551",2010-03-31,0
"1552",2010-04-01,0
"1553",2010-04-02,0
"1554",2010-04-03,0
"1555",2010-04-04,0
"1556",2010-04-05,0
"1557",2010-04-06,6
"1558",2010-04-07,0
"1559",2010-04-08,0
"1560",2010-04-09,0
"1561",2010-04-10,0
"1562",2010-04-11,0
"1563",2010-04-12,0
"1564",2010-04-13,0
"1565",2010-04-14,0
"1566",2010-04-15,0
"1567",2010-04-16,0
"1568",2010-04-17,0
"1569",2010-04-18,0
"1570",2010-04-19,0
"1571",2010-04-20,0
"1572",2010-04-21,0
"1573",2010-04-22,0
"1574",2010-04-23,0
"1575",2010-04-24,0
"1576",2010-04-25,0
"1577",2010-04-26,0
"1578",2010-04-27,3
"1579",2010-04-28,0
"1580",2010-04-29,0
"1581",2010-04-30,0
"1582",2010-05-01,0
"1583",2010-05-02,0
"1584",2010-05-03,0
"1585",2010-05-04,0
"1586",2010-05-05,0
"1587",2010-05-06,0
"1588",2010-05-07,0
"1589",2010-05-08,0
"1590",2010-05-09,0
"1591",2010-05-10,0
"1592",2010-05-11,2
"1593",2010-05-12,0
"1594",2010-05-13,0
"1595",2010-05-14,0
"1596",2010-05-15,0
"1597",2010-05-16,0
"1598",2010-05-17,0
"1599",2010-05-18,7
"1600",2010-05-19,0
"1601",2010-05-20,0
"1602",2010-05-21,0
"1603",2010-05-22,0
"1604",2010-05-23,0
"1605",2010-05-24,0
"1606",2010-05-25,6
"1607",2010-05-26,0
"1608",2010-05-27,0
"1609",2010-05-28,0
"1610",2010-05-29,0
"1611",2010-05-30,0
"1612",2010-05-31,0
"1613",2010-06-01,0
"1614",2010-06-02,0
"1615",2010-06-03,0
"1616",2010-06-04,0
"1617",2010-06-05,0
"1618",2010-06-06,0
"1619",2010-06-07,0
"1620",2010-06-08,5
"1621",2010-06-09,0
"1622",2010-06-10,0
"1623",2010-06-11,0
"1624",2010-06-12,0
"1625",2010-06-13,0
"1626",2010-06-14,0
"1627",2010-06-15,1
"1628",2010-06-16,0
"1629",2010-06-17,0
"1630",2010-06-18,0
"1631",2010-06-19,0
"1632",2010-06-20,0
"1633",2010-06-21,0
"1634",2010-06-22,1
"1635",2010-06-23,0
"1636",2010-06-24,0
"1637",2010-06-25,0
"1638",2010-06-26,0
"1639",2010-06-27,0
"1640",2010-06-28,0
"1641",2010-06-29,2
"1642",2010-06-30,0
"1643",2010-07-01,0
"1644",2010-07-02,0
"1645",2010-07-03,0
"1646",2010-07-04,0
"1647",2010-07-05,0
"1648",2010-07-06,0
"1649",2010-07-07,0
"1650",2010-07-08,0
"1651",2010-07-09,0
"1652",2010-07-10,0
"1653",2010-07-11,0
"1654",2010-07-12,0
"1655",2010-07-13,0
"1656",2010-07-14,0
"1657",2010-07-15,0
"1658",2010-07-16,0
"1659",2010-07-17,0
"1660",2010-07-18,0
"1661",2010-07-19,0
"1662",2010-07-20,5
"1663",2010-07-21,0
"1664",2010-07-22,0
"1665",2010-07-23,0
"1666",2010-07-24,0
"1667",2010-07-25,0
"1668",2010-07-26,0
"1669",2010-07-27,0
"1670",2010-07-28,0
"1671",2010-07-29,0
"1672",2010-07-30,0
"1673",2010-07-31,0
"1674",2010-08-01,0
"1675",2010-08-02,0
"1676",2010-08-03,0
"1677",2010-08-04,0
"1678",2010-08-05,0
"1679",2010-08-06,0
"1680",2010-08-07,0
"1681",2010-08-08,0
"1682",2010-08-09,0
"1683",2010-08-10,11
"1684",2010-08-11,0
"1685",2010-08-12,0
"1686",2010-08-13,0
"1687",2010-08-14,0
"1688",2010-08-15,0
"1689",2010-08-16,0
"1690",2010-08-17,1
"1691",2010-08-18,0
"1692",2010-08-19,0
"1693",2010-08-20,0
"1694",2010-08-21,0
"1695",2010-08-22,0
"1696",2010-08-23,0
"1697",2010-08-24,6
"1698",2010-08-25,0
"1699",2010-08-26,0
"1700",2010-08-27,0
"1701",2010-08-28,0
"1702",2010-08-29,0
"1703",2010-08-30,0
"1704",2010-08-31,2
"1705",2010-09-01,0
"1706",2010-09-02,0
"1707",2010-09-03,0
"1708",2010-09-04,0
"1709",2010-09-05,0
"1710",2010-09-06,0
"1711",2010-09-07,0
"1712",2010-09-08,0
"1713",2010-09-09,0
"1714",2010-09-10,0
"1715",2010-09-11,0
"1716",2010-09-12,0
"1717",2010-09-13,0
"1718",2010-09-14,0
"1719",2010-09-15,0
"1720",2010-09-16,0
"1721",2010-09-17,0
"1722",2010-09-18,0
"1723",2010-09-19,0
"1724",2010-09-20,0
"1725",2010-09-21,2
"1726",2010-09-22,0
"1727",2010-09-23,0
"1728",2010-09-24,0
"1729",2010-09-25,0
"1730",2010-09-26,0
"1731",2010-09-27,0
"1732",2010-09-28,3
"1733",2010-09-29,0
"1734",2010-09-30,0
"1735",2010-10-01,0
"1736",2010-10-02,0
"1737",2010-10-03,0
"1738",2010-10-04,0
"1739",2010-10-05,3
"1740",2010-10-06,0
"1741",2010-10-07,0
"1742",2010-10-08,0
"1743",2010-10-09,0
"1744",2010-10-10,0
"1745",2010-10-11,0
"1746",2010-10-12,1
"1747",2010-10-13,0
"1748",2010-10-14,0
"1749",2010-10-15,0
"1750",2010-10-16,0
"1751",2010-10-17,0
"1752",2010-10-18,0
"1753",2010-10-19,0
"1754",2010-10-20,0
"1755",2010-10-21,0
"1756",2010-10-22,0
"1757",2010-10-23,0
"1758",2010-10-24,0
"1759",2010-10-25,0
"1760",2010-10-26,16
"1761",2010-10-27,0
"1762",2010-10-28,0
"1763",2010-10-29,0
"1764",2010-10-30,0
"1765",2010-10-31,0
"1766",2010-11-01,0
"1767",2010-11-02,9
"1768",2010-11-03,0
"1769",2010-11-04,0
"1770",2010-11-05,0
"1771",2010-11-06,0
"1772",2010-11-07,0
"1773",2010-11-08,0
"1774",2010-11-09,1
"1775",2010-11-10,0
"1776",2010-11-11,0
"1777",2010-11-12,0
"1778",2010-11-13,0
"1779",2010-11-14,0
"1780",2010-11-15,0
"1781",2010-11-16,0
"1782",2010-11-17,0
"1783",2010-11-18,0
"1784",2010-11-19,0
"1785",2010-11-20,0
"1786",2010-11-21,0
"1787",2010-11-22,0
"1788",2010-11-23,0
"1789",2010-11-24,0
"1790",2010-11-25,0
"1791",2010-11-26,0
"1792",2010-11-27,0
"1793",2010-11-28,0
"1794",2010-11-29,0
"1795",2010-11-30,0
"1796",2010-12-01,0
"1797",2010-12-02,0
"1798",2010-12-03,0
"1799",2010-12-04,0
"1800",2010-12-05,0
"1801",2010-12-06,0
"1802",2010-12-07,3
"1803",2010-12-08,0
"1804",2010-12-09,0
"1805",2010-12-10,0
"1806",2010-12-11,0
"1807",2010-12-12,0
"1808",2010-12-13,0
"1809",2010-12-14,7
"1810",2010-12-15,0
"1811",2010-12-16,0
"1812",2010-12-17,0
"1813",2010-12-18,0
"1814",2010-12-19,0
"1815",2010-12-20,0
"1816",2010-12-21,5
"1817",2010-12-22,0
"1818",2010-12-23,0
"1819",2010-12-24,0
"1820",2010-12-25,0
"1821",2010-12-26,0
"1822",2010-12-27,0
"1823",2010-12-28,12
"1824",2010-12-29,0
"1825",2010-12-30,0
"1826",2010-12-31,0
"1827",2011-01-01,0
"1828",2011-01-02,0
"1829",2011-01-03,0
"1830",2011-01-04,0
"1831",2011-01-05,0
"1832",2011-01-06,0
"1833",2011-01-07,0
"1834",2011-01-08,0
"1835",2011-01-09,0
"1836",2011-01-10,0
"1837",2011-01-11,0
"1838",2011-01-12,0
"1839",2011-01-13,0
"1840",2011-01-14,0
"1841",2011-01-15,0
"1842",2011-01-16,0
"1843",2011-01-17,0
"1844",2011-01-18,0
"1845",2011-01-19,0
"1846",2011-01-20,0
"1847",2011-01-21,0
"1848",2011-01-22,0
"1849",2011-01-23,0
"1850",2011-01-24,0
"1851",2011-01-25,1
"1852",2011-01-26,0
"1853",2011-01-27,0
"1854",2011-01-28,0
"1855",2011-01-29,0
"1856",2011-01-30,0
"1857",2011-01-31,0
"1858",2011-02-01,2
"1859",2011-02-02,0
"1860",2011-02-03,0
"1861",2011-02-04,0
"1862",2011-02-05,0
"1863",2011-02-06,0
"1864",2011-02-07,0
"1865",2011-02-08,3
"1866",2011-02-09,0
"1867",2011-02-10,0
"1868",2011-02-11,0
"1869",2011-02-12,0
"1870",2011-02-13,0
"1871",2011-02-14,0
"1872",2011-02-15,0
"1873",2011-02-16,0
"1874",2011-02-17,0
"1875",2011-02-18,0
"1876",2011-02-19,0
"1877",2011-02-20,0
"1878",2011-02-21,0
"1879",2011-02-22,18
"1880",2011-02-23,0
"1881",2011-02-24,0
"1882",2011-02-25,0
"1883",2011-02-26,0
"1884",2011-02-27,0
"1885",2011-02-28,0
"1886",2011-03-01,10
"1887",2011-03-02,0
"1888",2011-03-03,0
"1889",2011-03-04,0
"1890",2011-03-05,0
"1891",2011-03-06,0
"1892",2011-03-07,0
"1893",2011-03-08,0
"1894",2011-03-09,0
"1895",2011-03-10,0
"1896",2011-03-11,0
"1897",2011-03-12,0
"1898",2011-03-13,0
"1899",2011-03-14,0
"1900",2011-03-15,0
"1901",2011-03-16,0
"1902",2011-03-17,0
"1903",2011-03-18,0
"1904",2011-03-19,0
"1905",2011-03-20,0
"1906",2011-03-21,0
"1907",2011-03-22,3
"1908",2011-03-23,0
"1909",2011-03-24,0
"1910",2011-03-25,0
"1911",2011-03-26,0
"1912",2011-03-27,0
"1913",2011-03-28,0
"1914",2011-03-29,6
"1915",2011-03-30,0
"1916",2011-03-31,0
"1917",2011-04-01,0
"1918",2011-04-02,0
"1919",2011-04-03,0
"1920",2011-04-04,0
"1921",2011-04-05,4
"1922",2011-04-06,0
"1923",2011-04-07,0
"1924",2011-04-08,0
"1925",2011-04-09,0
"1926",2011-04-10,0
"1927",2011-04-11,0
"1928",2011-04-12,0
"1929",2011-04-13,0
"1930",2011-04-14,0
"1931",2011-04-15,0
"1932",2011-04-16,0
"1933",2011-04-17,0
"1934",2011-04-18,0
"1935",2011-04-19,1
"1936",2011-04-20,0
"1937",2011-04-21,0
"1938",2011-04-22,0
"1939",2011-04-23,0
"1940",2011-04-24,0
"1941",2011-04-25,0
"1942",2011-04-26,0
"1943",2011-04-27,0
"1944",2011-04-28,0
"1945",2011-04-29,0
"1946",2011-04-30,0
"1947",2011-05-01,0
"1948",2011-05-02,0
"1949",2011-05-03,2
"1950",2011-05-04,0
"1951",2011-05-05,0
"1952",2011-05-06,0
"1953",2011-05-07,0
"1954",2011-05-08,0
"1955",2011-05-09,0
"1956",2011-05-10,16
"1957",2011-05-11,0
"1958",2011-05-12,0
"1959",2011-05-13,0
"1960",2011-05-14,0
"1961",2011-05-15,0
"1962",2011-05-16,0
"1963",2011-05-17,15
"1964",2011-05-18,0
"1965",2011-05-19,0
"1966",2011-05-20,0
"1967",2011-05-21,0
"1968",2011-05-22,0
"1969",2011-05-23,0
"1970",2011-05-24,3
"1971",2011-05-25,0
"1972",2011-05-26,0
"1973",2011-05-27,0
"1974",2011-05-28,0
"1975",2011-05-29,0
"1976",2011-05-30,0
"1977",2011-05-31,0
"1978",2011-06-01,0
"1979",2011-06-02,0
"1980",2011-06-03,0
"1981",2011-06-04,0
"1982",2011-06-05,0
"1983",2011-06-06,0
"1984",2011-06-07,2
"1985",2011-06-08,0
"1986",2011-06-09,0
"1987",2011-06-10,0
"1988",2011-06-11,0
"1989",2011-06-12,0
"1990",2011-06-13,0
"1991",2011-06-14,0
"1992",2011-06-15,0
"1993",2011-06-16,0
"1994",2011-06-17,0
"1995",2011-06-18,0
"1996",2011-06-19,0
"1997",2011-06-20,0
"1998",2011-06-21,3
"1999",2011-06-22,0
"2000",2011-06-23,0
"2001",2011-06-24,0
"2002",2011-06-25,0
"2003",2011-06-26,0
"2004",2011-06-27,0
"2005",2011-06-28,0
"2006",2011-06-29,0
"2007",2011-06-30,0
"2008",2011-07-01,0
"2009",2011-07-02,0
"2010",2011-07-03,0
"2011",2011-07-04,0
"2012",2011-07-05,6
"2013",2011-07-06,0
"2014",2011-07-07,0
"2015",2011-07-08,0
"2016",2011-07-09,0
"2017",2011-07-10,0
"2018",2011-07-11,0
"2019",2011-07-12,4
"2020",2011-07-13,0
"2021",2011-07-14,0
"2022",2011-07-15,0
"2023",2011-07-16,0
"2024",2011-07-17,0
"2025",2011-07-18,0
"2026",2011-07-19,12
"2027",2011-07-20,0
"2028",2011-07-21,0
"2029",2011-07-22,0
"2030",2011-07-23,0
"2031",2011-07-24,0
"2032",2011-07-25,0
"2033",2011-07-26,0
"2034",2011-07-27,0
"2035",2011-07-28,0
"2036",2011-07-29,0
"2037",2011-07-30,0
"2038",2011-07-31,0
"2039",2011-08-01,0
"2040",2011-08-02,4
"2041",2011-08-03,0
"2042",2011-08-04,0
"2043",2011-08-05,0
"2044",2011-08-06,0
"2045",2011-08-07,0
"2046",2011-08-08,0
"2047",2011-08-09,3
"2048",2011-08-10,0
"2049",2011-08-11,0
"2050",2011-08-12,0
"2051",2011-08-13,0
"2052",2011-08-14,0
"2053",2011-08-15,0
"2054",2011-08-16,5
"2055",2011-08-17,0
"2056",2011-08-18,0
"2057",2011-08-19,0
"2058",2011-08-20,0
"2059",2011-08-21,0
"2060",2011-08-22,0
"2061",2011-08-23,0
"2062",2011-08-24,0
"2063",2011-08-25,0
"2064",2011-08-26,0
"2065",2011-08-27,0
"2066",2011-08-28,0
"2067",2011-08-29,0
"2068",2011-08-30,0
"2069",2011-08-31,0
"2070",2011-09-01,0
"2071",2011-09-02,0
"2072",2011-09-03,0
"2073",2011-09-04,0
"2074",2011-09-05,0
"2075",2011-09-06,3
"2076",2011-09-07,0
"2077",2011-09-08,0
"2078",2011-09-09,0
"2079",2011-09-10,0
"2080",2011-09-11,0
"2081",2011-09-12,0
"2082",2011-09-13,14
"2083",2011-09-14,0
"2084",2011-09-15,0
"2085",2011-09-16,0
"2086",2011-09-17,0
"2087",2011-09-18,0
"2088",2011-09-19,0
"2089",2011-09-20,10
"2090",2011-09-21,0
"2091",2011-09-22,0
"2092",2011-09-23,0
"2093",2011-09-24,0
"2094",2011-09-25,0
"2095",2011-09-26,0
"2096",2011-09-27,6
"2097",2011-09-28,0
"2098",2011-09-29,0
"2099",2011-09-30,0
"2100",2011-10-01,0
"2101",2011-10-02,0
"2102",2011-10-03,0
"2103",2011-10-04,1
"2104",2011-10-05,0
"2105",2011-10-06,0
"2106",2011-10-07,0
"2107",2011-10-08,0
"2108",2011-10-09,0
"2109",2011-10-10,0
"2110",2011-10-11,1
"2111",2011-10-12,0
"2112",2011-10-13,0
"2113",2011-10-14,0
"2114",2011-10-15,0
"2115",2011-10-16,0
"2116",2011-10-17,0
"2117",2011-10-18,2
"2118",2011-10-19,0
"2119",2011-10-20,0
"2120",2011-10-21,0
"2121",2011-10-22,0
"2122",2011-10-23,0
"2123",2011-10-24,0
"2124",2011-10-25,0
"2125",2011-10-26,0
"2126",2011-10-27,0
"2127",2011-10-28,0
"2128",2011-10-29,0
"2129",2011-10-30,0
"2130",2011-10-31,0
"2131",2011-11-01,0
"2132",2011-11-02,0
"2133",2011-11-03,0
"2134",2011-11-04,0
"2135",2011-11-05,0
"2136",2011-11-06,0
"2137",2011-11-07,0
"2138",2011-11-08,0
"2139",2011-11-09,0
"2140",2011-11-10,0
"2141",2011-11-11,0
"2142",2011-11-12,0
"2143",2011-11-13,0
"2144",2011-11-14,0
"2145",2011-11-15,2
"2146",2011-11-16,0
"2147",2011-11-17,0
"2148",2011-11-18,0
"2149",2011-11-19,0
"2150",2011-11-20,0
"2151",2011-11-21,0
"2152",2011-11-22,1
"2153",2011-11-23,0
"2154",2011-11-24,0
"2155",2011-11-25,0
"2156",2011-11-26,0
"2157",2011-11-27,0
"2158",2011-11-28,0
"2159",2011-11-29,0
"2160",2011-11-30,0
"2161",2011-12-01,0
"2162",2011-12-02,0
"2163",2011-12-03,0
"2164",2011-12-04,0
"2165",2011-12-05,0
"2166",2011-12-06,3
"2167",2011-12-07,0
"2168",2011-12-08,0
"2169",2011-12-09,0
"2170",2011-12-10,0
"2171",2011-12-11,0
"2172",2011-12-12,0
"2173",2011-12-13,6
"2174",2011-12-14,0
"2175",2011-12-15,0
"2176",2011-12-16,0
"2177",2011-12-17,0
"2178",2011-12-18,0
"2179",2011-12-19,0
"2180",2011-12-20,1
"2181",2011-12-21,0
"2182",2011-12-22,0
"2183",2011-12-23,0
"2184",2011-12-24,0
"2185",2011-12-25,0
"2186",2011-12-26,0
"2187",2011-12-27,0
"2188",2011-12-28,0
"2189",2011-12-29,0
"2190",2011-12-30,0
"2191",2011-12-31,0
"2192",2012-01-01,0
"2193",2012-01-02,0
"2194",2012-01-03,0
"2195",2012-01-04,0
"2196",2012-01-05,0
"2197",2012-01-06,0
"2198",2012-01-07,0
"2199",2012-01-08,0
"2200",2012-01-09,0
"2201",2012-01-10,2
"2202",2012-01-11,0
"2203",2012-01-12,0
"2204",2012-01-13,0
"2205",2012-01-14,0
"2206",2012-01-15,0
"2207",2012-01-16,0
"2208",2012-01-17,0
"2209",2012-01-18,0
"2210",2012-01-19,0
"2211",2012-01-20,0
"2212",2012-01-21,0
"2213",2012-01-22,0
"2214",2012-01-23,0
"2215",2012-01-24,2
"2216",2012-01-25,0
"2217",2012-01-26,0
"2218",2012-01-27,0
"2219",2012-01-28,0
"2220",2012-01-29,0
"2221",2012-01-30,0
"2222",2012-01-31,0
"2223",2012-02-01,0
"2224",2012-02-02,0
"2225",2012-02-03,0
"2226",2012-02-04,0
"2227",2012-02-05,0
"2228",2012-02-06,0
"2229",2012-02-07,12
"2230",2012-02-08,0
"2231",2012-02-09,0
"2232",2012-02-10,0
"2233",2012-02-11,0
"2234",2012-02-12,0
"2235",2012-02-13,0
"2236",2012-02-14,0
"2237",2012-02-15,0
"2238",2012-02-16,0
"2239",2012-02-17,0
"2240",2012-02-18,0
"2241",2012-02-19,0
"2242",2012-02-20,0
"2243",2012-02-21,0
"2244",2012-02-22,0
"2245",2012-02-23,0
"2246",2012-02-24,0
"2247",2012-02-25,0
"2248",2012-02-26,0
"2249",2012-02-27,0
"2250",2012-02-28,3
"2251",2012-02-29,0
"2252",2012-03-01,0
"2253",2012-03-02,0
"2254",2012-03-03,0
"2255",2012-03-04,0
"2256",2012-03-05,0
"2257",2012-03-06,0
"2258",2012-03-07,0
"2259",2012-03-08,0
"2260",2012-03-09,0
"2261",2012-03-10,0
"2262",2012-03-11,0
"2263",2012-03-12,0
"2264",2012-03-13,0
"2265",2012-03-14,0
"2266",2012-03-15,0
"2267",2012-03-16,0
"2268",2012-03-17,0
"2269",2012-03-18,0
"2270",2012-03-19,0
"2271",2012-03-20,0
"2272",2012-03-21,0
"2273",2012-03-22,0
"2274",2012-03-23,0
"2275",2012-03-24,0
"2276",2012-03-25,0
"2277",2012-03-26,0
"2278",2012-03-27,18
"2279",2012-03-28,0
"2280",2012-03-29,0
"2281",2012-03-30,0
"2282",2012-03-31,0
"2283",2012-04-01,0
"2284",2012-04-02,0
"2285",2012-04-03,10
"2286",2012-04-04,0
"2287",2012-04-05,0
"2288",2012-04-06,0
"2289",2012-04-07,0
"2290",2012-04-08,0
"2291",2012-04-09,0
"2292",2012-04-10,2
"2293",2012-04-11,0
"2294",2012-04-12,0
"2295",2012-04-13,0
"2296",2012-04-14,0
"2297",2012-04-15,0
"2298",2012-04-16,0
"2299",2012-04-17,0
"2300",2012-04-18,0
"2301",2012-04-19,0
"2302",2012-04-20,0
"2303",2012-04-21,0
"2304",2012-04-22,0
"2305",2012-04-23,0
"2306",2012-04-24,0
"2307",2012-04-25,0
"2308",2012-04-26,0
"2309",2012-04-27,0
"2310",2012-04-28,0
"2311",2012-04-29,0
"2312",2012-04-30,0
"2313",2012-05-01,20
"2314",2012-05-02,0
"2315",2012-05-03,0
"2316",2012-05-04,0
"2317",2012-05-05,0
"2318",2012-05-06,0
"2319",2012-05-07,0
"2320",2012-05-08,0
"2321",2012-05-09,0
"2322",2012-05-10,0
"2323",2012-05-11,0
"2324",2012-05-12,0
"2325",2012-05-13,0
"2326",2012-05-14,0
"2327",2012-05-15,11
"2328",2012-05-16,0
"2329",2012-05-17,0
"2330",2012-05-18,0
"2331",2012-05-19,0
"2332",2012-05-20,0
"2333",2012-05-21,0
"2334",2012-05-22,13
"2335",2012-05-23,0
"2336",2012-05-24,0
"2337",2012-05-25,0
"2338",2012-05-26,0
"2339",2012-05-27,0
"2340",2012-05-28,0
"2341",2012-05-29,0
"2342",2012-05-30,0
"2343",2012-05-31,0
"2344",2012-06-01,0
"2345",2012-06-02,0
"2346",2012-06-03,0
"2347",2012-06-04,0
"2348",2012-06-05,0
"2349",2012-06-06,0
"2350",2012-06-07,0
"2351",2012-06-08,0
"2352",2012-06-09,0
"2353",2012-06-10,0
"2354",2012-06-11,0
"2355",2012-06-12,0
"2356",2012-06-13,0
"2357",2012-06-14,0
"2358",2012-06-15,0
"2359",2012-06-16,0
"2360",2012-06-17,0
"2361",2012-06-18,0
"2362",2012-06-19,0
"2363",2012-06-20,0
"2364",2012-06-21,0
"2365",2012-06-22,0
"2366",2012-06-23,0
"2367",2012-06-24,0
"2368",2012-06-25,0
"2369",2012-06-26,6
"2370",2012-06-27,0
"2371",2012-06-28,0
"2372",2012-06-29,0
"2373",2012-06-30,0
"2374",2012-07-01,0
"2375",2012-07-02,0
"2376",2012-07-03,2
"2377",2012-07-04,0
"2378",2012-07-05,0
"2379",2012-07-06,0
"2380",2012-07-07,0
"2381",2012-07-08,0
"2382",2012-07-09,0
"2383",2012-07-10,7
"2384",2012-07-11,0
"2385",2012-07-12,0
"2386",2012-07-13,0
"2387",2012-07-14,0
"2388",2012-07-15,0
"2389",2012-07-16,0
"2390",2012-07-17,0
"2391",2012-07-18,0
"2392",2012-07-19,0
"2393",2012-07-20,0
"2394",2012-07-21,0
"2395",2012-07-22,0
"2396",2012-07-23,0
"2397",2012-07-24,12
"2398",2012-07-25,0
"2399",2012-07-26,0
"2400",2012-07-27,0
"2401",2012-07-28,0
"2402",2012-07-29,0
"2403",2012-07-30,0
"2404",2012-07-31,6
"2405",2012-08-01,0
"2406",2012-08-02,0
"2407",2012-08-03,0
"2408",2012-08-04,0
"2409",2012-08-05,0
"2410",2012-08-06,0
"2411",2012-08-07,0
"2412",2012-08-08,0
"2413",2012-08-09,0
"2414",2012-08-10,0
"2415",2012-08-11,0
"2416",2012-08-12,0
"2417",2012-08-13,0
"2418",2012-08-14,0
"2419",2012-08-15,0
"2420",2012-08-16,0
"2421",2012-08-17,0
"2422",2012-08-18,0
"2423",2012-08-19,0
"2424",2012-08-20,0
"2425",2012-08-21,1
"2426",2012-08-22,0
"2427",2012-08-23,0
"2428",2012-08-24,0
"2429",2012-08-25,0
"2430",2012-08-26,0
"2431",2012-08-27,0
"2432",2012-08-28,1
"2433",2012-08-29,0
"2434",2012-08-30,0
"2435",2012-08-31,0
"2436",2012-09-01,0
"2437",2012-09-02,0
"2438",2012-09-03,0
"2439",2012-09-04,0
"2440",2012-09-05,0
"2441",2012-09-06,0
"2442",2012-09-07,0
"2443",2012-09-08,0
"2444",2012-09-09,0
"2445",2012-09-10,0
"2446",2012-09-11,2
"2447",2012-09-12,0
"2448",2012-09-13,0
"2449",2012-09-14,0
"2450",2012-09-15,0
"2451",2012-09-16,0
"2452",2012-09-17,0
"2453",2012-09-18,1
"2454",2012-09-19,0
"2455",2012-09-20,0
"2456",2012-09-21,0
"2457",2012-09-22,0
"2458",2012-09-23,0
"2459",2012-09-24,0
"2460",2012-09-25,0
"2461",2012-09-26,0
"2462",2012-09-27,0
"2463",2012-09-28,0
"2464",2012-09-29,0
"2465",2012-09-30,0
"2466",2012-10-01,0
"2467",2012-10-02,1
"2468",2012-10-03,0
"2469",2012-10-04,0
"2470",2012-10-05,0
"2471",2012-10-06,0
"2472",2012-10-07,0
"2473",2012-10-08,0
"2474",2012-10-09,10
"2475",2012-10-10,0
"2476",2012-10-11,0
"2477",2012-10-12,0
"2478",2012-10-13,0
"2479",2012-10-14,0
"2480",2012-10-15,0
"2481",2012-10-16,12
"2482",2012-10-17,0
"2483",2012-10-18,0
"2484",2012-10-19,0
"2485",2012-10-20,0
"2486",2012-10-21,0
"2487",2012-10-22,0
"2488",2012-10-23,2
"2489",2012-10-24,0
"2490",2012-10-25,0
"2491",2012-10-26,0
"2492",2012-10-27,0
"2493",2012-10-28,0
"2494",2012-10-29,0
"2495",2012-10-30,0
"2496",2012-10-31,0
"2497",2012-11-01,0
"2498",2012-11-02,0
"2499",2012-11-03,0
"2500",2012-11-04,0
"2501",2012-11-05,0
"2502",2012-11-06,0
"2503",2012-11-07,0
"2504",2012-11-08,0
"2505",2012-11-09,0
"2506",2012-11-10,0
"2507",2012-11-11,0
"2508",2012-11-12,0
"2509",2012-11-13,1
"2510",2012-11-14,0
"2511",2012-11-15,0
"2512",2012-11-16,0
"2513",2012-11-17,0
"2514",2012-11-18,0
"2515",2012-11-19,0
"2516",2012-11-20,1
"2517",2012-11-21,0
"2518",2012-11-22,0
"2519",2012-11-23,0
"2520",2012-11-24,0
"2521",2012-11-25,0
"2522",2012-11-26,0
"2523",2012-11-27,4
"2524",2012-11-28,0
"2525",2012-11-29,0
"2526",2012-11-30,0
"2527",2012-12-01,0
"2528",2012-12-02,0
"2529",2012-12-03,0
"2530",2012-12-04,1
"2531",2012-12-05,0
"2532",2012-12-06,0
"2533",2012-12-07,0
"2534",2012-12-08,0
"2535",2012-12-09,0
"2536",2012-12-10,0
"2537",2012-12-11,0
"2538",2012-12-12,0
"2539",2012-12-13,0
"2540",2012-12-14,0
"2541",2012-12-15,0
"2542",2012-12-16,0
"2543",2012-12-17,0
"2544",2012-12-18,0
"2545",2012-12-19,0
"2546",2012-12-20,0
"2547",2012-12-21,0
"2548",2012-12-22,0
"2549",2012-12-23,0
"2550",2012-12-24,0
"2551",2012-12-25,14
"2552",2012-12-26,0
"2553",2012-12-27,0
"2554",2012-12-28,0
"2555",2012-12-29,0
"2556",2012-12-30,0
"2557",2012-12-31,0
"2558",2013-01-01,0
"2559",2013-01-02,0
"2560",2013-01-03,0
"2561",2013-01-04,0
"2562",2013-01-05,0
"2563",2013-01-06,0
"2564",2013-01-07,0
"2565",2013-01-08,3
"2566",2013-01-09,0
"2567",2013-01-10,0
"2568",2013-01-11,0
"2569",2013-01-12,0
"2570",2013-01-13,0
"2571",2013-01-14,0
"2572",2013-01-15,11
"2573",2013-01-16,0
"2574",2013-01-17,0
"2575",2013-01-18,0
"2576",2013-01-19,0
"2577",2013-01-20,0
"2578",2013-01-21,0
"2579",2013-01-22,0
"2580",2013-01-23,0
"2581",2013-01-24,0
"2582",2013-01-25,0
"2583",2013-01-26,0
"2584",2013-01-27,0
"2585",2013-01-28,0
"2586",2013-01-29,3
"2587",2013-01-30,0
"2588",2013-01-31,0
"2589",2013-02-01,0
"2590",2013-02-02,0
"2591",2013-02-03,0
"2592",2013-02-04,0
"2593",2013-02-05,1
"2594",2013-02-06,0
"2595",2013-02-07,0
"2596",2013-02-08,0
"2597",2013-02-09,0
"2598",2013-02-10,0
"2599",2013-02-11,0
"2600",2013-02-12,13
"2601",2013-02-13,0
"2602",2013-02-14,0
"2603",2013-02-15,0
"2604",2013-02-16,0
"2605",2013-02-17,0
"2606",2013-02-18,0
"2607",2013-02-19,6
"2608",2013-02-20,0
"2609",2013-02-21,0
"2610",2013-02-22,0
"2611",2013-02-23,0
"2612",2013-02-24,0
"2613",2013-02-25,0
"2614",2013-02-26,3
"2615",2013-02-27,0
"2616",2013-02-28,0
"2617",2013-03-01,0
"2618",2013-03-02,0
"2619",2013-03-03,0
"2620",2013-03-04,0
"2621",2013-03-05,0
"2622",2013-03-06,0
"2623",2013-03-07,0
"2624",2013-03-08,0
"2625",2013-03-09,0
"2626",2013-03-10,0
"2627",2013-03-11,0
"2628",2013-03-12,0
"2629",2013-03-13,0
"2630",2013-03-14,0
"2631",2013-03-15,0
"2632",2013-03-16,0
"2633",2013-03-17,0
"2634",2013-03-18,0
"2635",2013-03-19,19
"2636",2013-03-20,0
"2637",2013-03-21,0
"2638",2013-03-22,0
"2639",2013-03-23,0
"2640",2013-03-24,0
"2641",2013-03-25,0
"2642",2013-03-26,0
"2643",2013-03-27,0
"2644",2013-03-28,0
"2645",2013-03-29,0
"2646",2013-03-30,0
"2647",2013-03-31,0
"2648",2013-04-01,0
"2649",2013-04-02,0
"2650",2013-04-03,0
"2651",2013-04-04,0
"2652",2013-04-05,0
"2653",2013-04-06,0
"2654",2013-04-07,0
"2655",2013-04-08,0
"2656",2013-04-09,0
"2657",2013-04-10,0
"2658",2013-04-11,0
"2659",2013-04-12,0
"2660",2013-04-13,0
"2661",2013-04-14,0
"2662",2013-04-15,0
"2663",2013-04-16,1
"2664",2013-04-17,0
"2665",2013-04-18,0
"2666",2013-04-19,0
"2667",2013-04-20,0
"2668",2013-04-21,0
"2669",2013-04-22,0
"2670",2013-04-23,1
"2671",2013-04-24,0
"2672",2013-04-25,0
"2673",2013-04-26,0
"2674",2013-04-27,0
"2675",2013-04-28,0
"2676",2013-04-29,0
"2677",2013-04-30,1
"2678",2013-05-01,0
"2679",2013-05-02,0
"2680",2013-05-03,0
"2681",2013-05-04,0
"2682",2013-05-05,0
"2683",2013-05-06,0
"2684",2013-05-07,0
"2685",2013-05-08,0
"2686",2013-05-09,0
"2687",2013-05-10,0
"2688",2013-05-11,0
"2689",2013-05-12,0
"2690",2013-05-13,0
"2691",2013-05-14,0
"2692",2013-05-15,0
"2693",2013-05-16,0
"2694",2013-05-17,0
"2695",2013-05-18,0
"2696",2013-05-19,0
"2697",2013-05-20,0
"2698",2013-05-21,9
"2699",2013-05-22,0
"2700",2013-05-23,0
"2701",2013-05-24,0
"2702",2013-05-25,0
"2703",2013-05-26,0
"2704",2013-05-27,0
"2705",2013-05-28,0
"2706",2013-05-29,0
"2707",2013-05-30,0
"2708",2013-05-31,0
"2709",2013-06-01,0
"2710",2013-06-02,0
"2711",2013-06-03,0
"2712",2013-06-04,2
"2713",2013-06-05,0
"2714",2013-06-06,0
"2715",2013-06-07,0
"2716",2013-06-08,0
"2717",2013-06-09,0
"2718",2013-06-10,0
"2719",2013-06-11,7
"2720",2013-06-12,0
"2721",2013-06-13,0
"2722",2013-06-14,0
"2723",2013-06-15,0
"2724",2013-06-16,0
"2725",2013-06-17,0
"2726",2013-06-18,1
"2727",2013-06-19,0
"2728",2013-06-20,0
"2729",2013-06-21,0
"2730",2013-06-22,0
"2731",2013-06-23,0
"2732",2013-06-24,0
"2733",2013-06-25,1
"2734",2013-06-26,0
"2735",2013-06-27,0
"2736",2013-06-28,0
"2737",2013-06-29,0
"2738",2013-06-30,0
"2739",2013-07-01,0
"2740",2013-07-02,0
"2741",2013-07-03,0
"2742",2013-07-04,0
"2743",2013-07-05,0
"2744",2013-07-06,0
"2745",2013-07-07,0
"2746",2013-07-08,0
"2747",2013-07-09,6
"2748",2013-07-10,0
"2749",2013-07-11,0
"2750",2013-07-12,0
"2751",2013-07-13,0
"2752",2013-07-14,0
"2753",2013-07-15,0
"2754",2013-07-16,2
"2755",2013-07-17,0
"2756",2013-07-18,0
"2757",2013-07-19,0
"2758",2013-07-20,0
"2759",2013-07-21,0
"2760",2013-07-22,0
"2761",2013-07-23,0
"2762",2013-07-24,0
"2763",2013-07-25,0
"2764",2013-07-26,0
"2765",2013-07-27,0
"2766",2013-07-28,0
"2767",2013-07-29,0
"2768",2013-07-30,0
"2769",2013-07-31,0
"2770",2013-08-01,0
"2771",2013-08-02,0
"2772",2013-08-03,0
"2773",2013-08-04,0
"2774",2013-08-05,0
"2775",2013-08-06,4
"2776",2013-08-07,0
"2777",2013-08-08,0
"2778",2013-08-09,0
"2779",2013-08-10,0
"2780",2013-08-11,0
"2781",2013-08-12,0
"2782",2013-08-13,7
"2783",2013-08-14,0
"2784",2013-08-15,0
"2785",2013-08-16,0
"2786",2013-08-17,0
"2787",2013-08-18,0
"2788",2013-08-19,0
"2789",2013-08-20,16
"2790",2013-08-21,0
"2791",2013-08-22,0
"2792",2013-08-23,0
"2793",2013-08-24,0
"2794",2013-08-25,0
"2795",2013-08-26,0
"2796",2013-08-27,8
"2797",2013-08-28,0
"2798",2013-08-29,0
"2799",2013-08-30,0
"2800",2013-08-31,0
"2801",2013-09-01,0
"2802",2013-09-02,0
"2803",2013-09-03,3
"2804",2013-09-04,0
"2805",2013-09-05,0
"2806",2013-09-06,0
"2807",2013-09-07,0
"2808",2013-09-08,0
"2809",2013-09-09,0
"2810",2013-09-10,2
"2811",2013-09-11,0
"2812",2013-09-12,0
"2813",2013-09-13,0
"2814",2013-09-14,0
"2815",2013-09-15,0
"2816",2013-09-16,0
"2817",2013-09-17,0
"2818",2013-09-18,0
"2819",2013-09-19,0
"2820",2013-09-20,0
"2821",2013-09-21,0
"2822",2013-09-22,0
"2823",2013-09-23,0
"2824",2013-09-24,4
"2825",2013-09-25,0
"2826",2013-09-26,0
"2827",2013-09-27,0
"2828",2013-09-28,0
"2829",2013-09-29,0
"2830",2013-09-30,0
"2831",2013-10-01,1
"2832",2013-10-02,0
"2833",2013-10-03,0
"2834",2013-10-04,0
"2835",2013-10-05,0
"2836",2013-10-06,0
"2837",2013-10-07,0
"2838",2013-10-08,2
"2839",2013-10-09,0
"2840",2013-10-10,0
"2841",2013-10-11,0
"2842",2013-10-12,0
"2843",2013-10-13,0
"2844",2013-10-14,0
"2845",2013-10-15,1
"2846",2013-10-16,0
"2847",2013-10-17,0
"2848",2013-10-18,0
"2849",2013-10-19,0
"2850",2013-10-20,0
"2851",2013-10-21,0
"2852",2013-10-22,3
"2853",2013-10-23,0
"2854",2013-10-24,0
"2855",2013-10-25,0
"2856",2013-10-26,0
"2857",2013-10-27,0
"2858",2013-10-28,0
"2859",2013-10-29,0
"2860",2013-10-30,0
"2861",2013-10-31,0
"2862",2013-11-01,0
"2863",2013-11-02,0
"2864",2013-11-03,0
"2865",2013-11-04,0
"2866",2013-11-05,0
"2867",2013-11-06,0
"2868",2013-11-07,0
"2869",2013-11-08,0
"2870",2013-11-09,0
"2871",2013-11-10,0
"2872",2013-11-11,0
"2873",2013-11-12,9
"2874",2013-11-13,0
"2875",2013-11-14,0
"2876",2013-11-15,0
"2877",2013-11-16,0
"2878",2013-11-17,0
"2879",2013-11-18,0
"2880",2013-11-19,1
"2881",2013-11-20,0
"2882",2013-11-21,0
"2883",2013-11-22,0
"2884",2013-11-23,0
"2885",2013-11-24,0
"2886",2013-11-25,0
"2887",2013-11-26,3
"2888",2013-11-27,0
"2889",2013-11-28,0
"2890",2013-11-29,0
"2891",2013-11-30,0
"2892",2013-12-01,0
"2893",2013-12-02,0
"2894",2013-12-03,3
"2895",2013-12-04,0
"2896",2013-12-05,0
"2897",2013-12-06,0
"2898",2013-12-07,0
"2899",2013-12-08,0
"2900",2013-12-09,0
"2901",2013-12-10,1
"2902",2013-12-11,0
"2903",2013-12-12,0
"2904",2013-12-13,0
"2905",2013-12-14,0
"2906",2013-12-15,0
"2907",2013-12-16,0
"2908",2013-12-17,0
"2909",2013-12-18,0
"2910",2013-12-19,0
"2911",2013-12-20,0
"2912",2013-12-21,0
"2913",2013-12-22,0
"2914",2013-12-23,0
"2915",2013-12-24,2
"2916",2013-12-25,0
"2917",2013-12-26,0
"2918",2013-12-27,0
"2919",2013-12-28,0
"2920",2013-12-29,0
"2921",2013-12-30,0
"2922",2013-12-31,0
"2923",2014-01-01,0
"2924",2014-01-02,0
"2925",2014-01-03,0
"2926",2014-01-04,0
"2927",2014-01-05,0
"2928",2014-01-06,0
"2929",2014-01-07,0
"2930",2014-01-08,0
"2931",2014-01-09,0
"2932",2014-01-10,0
"2933",2014-01-11,0
"2934",2014-01-12,0
"2935",2014-01-13,0
"2936",2014-01-14,4
"2937",2014-01-15,0
"2938",2014-01-16,0
"2939",2014-01-17,0
"2940",2014-01-18,0
"2941",2014-01-19,0
"2942",2014-01-20,0
"2943",2014-01-21,0
"2944",2014-01-22,0
"2945",2014-01-23,0
"2946",2014-01-24,0
"2947",2014-01-25,0
"2948",2014-01-26,0
"2949",2014-01-27,0
"2950",2014-01-28,8
"2951",2014-01-29,0
"2952",2014-01-30,0
"2953",2014-01-31,0
"2954",2014-02-01,0
"2955",2014-02-02,0
"2956",2014-02-03,0
"2957",2014-02-04,0
"2958",2014-02-05,0
"2959",2014-02-06,0
"2960",2014-02-07,0
"2961",2014-02-08,0
"2962",2014-02-09,0
"2963",2014-02-10,0
"2964",2014-02-11,0
"2965",2014-02-12,0
"2966",2014-02-13,0
"2967",2014-02-14,0
"2968",2014-02-15,0
"2969",2014-02-16,0
"2970",2014-02-17,0
"2971",2014-02-18,12
"2972",2014-02-19,0
"2973",2014-02-20,0
"2974",2014-02-21,0
"2975",2014-02-22,0
"2976",2014-02-23,0
"2977",2014-02-24,0
"2978",2014-02-25,11
"2979",2014-02-26,0
"2980",2014-02-27,0
"2981",2014-02-28,0
"2982",2014-03-01,0
"2983",2014-03-02,0
"2984",2014-03-03,0
"2985",2014-03-04,0
"2986",2014-03-05,0
"2987",2014-03-06,0
"2988",2014-03-07,0
"2989",2014-03-08,0
"2990",2014-03-09,0
"2991",2014-03-10,0
"2992",2014-03-11,5
"2993",2014-03-12,0
"2994",2014-03-13,0
"2995",2014-03-14,0
"2996",2014-03-15,0
"2997",2014-03-16,0
"2998",2014-03-17,0
"2999",2014-03-18,5
"3000",2014-03-19,0
"3001",2014-03-20,0
"3002",2014-03-21,0
"3003",2014-03-22,0
"3004",2014-03-23,0
"3005",2014-03-24,0
"3006",2014-03-25,3
"3007",2014-03-26,0
"3008",2014-03-27,0
"3009",2014-03-28,0
"3010",2014-03-29,0
"3011",2014-03-30,0
"3012",2014-03-31,0
"3013",2014-04-01,0
"3014",2014-04-02,0
"3015",2014-04-03,0
"3016",2014-04-04,0
"3017",2014-04-05,0
"3018",2014-04-06,0
"3019",2014-04-07,0
"3020",2014-04-08,18
"3021",2014-04-09,0
"3022",2014-04-10,0
"3023",2014-04-11,0
"3024",2014-04-12,0
"3025",2014-04-13,0
"3026",2014-04-14,0
"3027",2014-04-15,2
"3028",2014-04-16,0
"3029",2014-04-17,0
"3030",2014-04-18,0
"3031",2014-04-19,0
"3032",2014-04-20,0
"3033",2014-04-21,0
"3034",2014-04-22,19
"3035",2014-04-23,0
"3036",2014-04-24,0
"3037",2014-04-25,0
"3038",2014-04-26,0
"3039",2014-04-27,0
"3040",2014-04-28,0
"3041",2014-04-29,0
"3042",2014-04-30,0
"3043",2014-05-01,0
"3044",2014-05-02,0
"3045",2014-05-03,0
"3046",2014-05-04,0
"3047",2014-05-05,0
"3048",2014-05-06,3
"3049",2014-05-07,0
"3050",2014-05-08,0
"3051",2014-05-09,0
"3052",2014-05-10,0
"3053",2014-05-11,0
"3054",2014-05-12,0
"3055",2014-05-13,0
"3056",2014-05-14,0
"3057",2014-05-15,0
"3058",2014-05-16,0
"3059",2014-05-17,0
"3060",2014-05-18,0
"3061",2014-05-19,0
"3062",2014-05-20,8
"3063",2014-05-21,0
"3064",2014-05-22,0
"3065",2014-05-23,0
"3066",2014-05-24,0
"3067",2014-05-25,0
"3068",2014-05-26,0
"3069",2014-05-27,6
"3070",2014-05-28,0
"3071",2014-05-29,0
"3072",2014-05-30,0
"3073",2014-05-31,0
"3074",2014-06-01,0
"3075",2014-06-02,0
"3076",2014-06-03,12
"3077",2014-06-04,0
"3078",2014-06-05,0
"3079",2014-06-06,0
"3080",2014-06-07,0
"3081",2014-06-08,0
"3082",2014-06-09,0
"3083",2014-06-10,1
"3084",2014-06-11,0
"3085",2014-06-12,0
"3086",2014-06-13,0
"3087",2014-06-14,0
"3088",2014-06-15,0
"3089",2014-06-16,0
"3090",2014-06-17,1
"3091",2014-06-18,0
"3092",2014-06-19,0
"3093",2014-06-20,0
"3094",2014-06-21,0
"3095",2014-06-22,0
"3096",2014-06-23,0
"3097",2014-06-24,1
"3098",2014-06-25,0
"3099",2014-06-26,0
"3100",2014-06-27,0
"3101",2014-06-28,0
"3102",2014-06-29,0
"3103",2014-06-30,0
"3104",2014-07-01,6
"3105",2014-07-02,0
"3106",2014-07-03,0
"3107",2014-07-04,0
"3108",2014-07-05,0
"3109",2014-07-06,0
"3110",2014-07-07,0
"3111",2014-07-08,4
"3112",2014-07-09,0
"3113",2014-07-10,0
"3114",2014-07-11,0
"3115",2014-07-12,0
"3116",2014-07-13,0
"3117",2014-07-14,0
"3118",2014-07-15,1
"3119",2014-07-16,0
"3120",2014-07-17,0
"3121",2014-07-18,0
"3122",2014-07-19,0
"3123",2014-07-20,0
"3124",2014-07-21,0
"3125",2014-07-22,7
"3126",2014-07-23,0
"3127",2014-07-24,0
"3128",2014-07-25,0
"3129",2014-07-26,0
"3130",2014-07-27,0
"3131",2014-07-28,0
"3132",2014-07-29,0
"3133",2014-07-30,0
"3134",2014-07-31,0
"3135",2014-08-01,0
"3136",2014-08-02,0
"3137",2014-08-03,0
"3138",2014-08-04,0
"3139",2014-08-05,6
"3140",2014-08-06,0
"3141",2014-08-07,0
"3142",2014-08-08,0
"3143",2014-08-09,0
"3144",2014-08-10,0
"3145",2014-08-11,0
"3146",2014-08-12,2
"3147",2014-08-13,0
"3148",2014-08-14,0
"3149",2014-08-15,0
"3150",2014-08-16,0
"3151",2014-08-17,0
"3152",2014-08-18,0
"3153",2014-08-19,1
"3154",2014-08-20,0
"3155",2014-08-21,0
"3156",2014-08-22,0
"3157",2014-08-23,0
"3158",2014-08-24,0
"3159",2014-08-25,0
"3160",2014-08-26,8
"3161",2014-08-27,0
"3162",2014-08-28,0
"3163",2014-08-29,0
"3164",2014-08-30,0
"3165",2014-08-31,0
"3166",2014-09-01,0
"3167",2014-09-02,5
"3168",2014-09-03,0
"3169",2014-09-04,0
"3170",2014-09-05,0
"3171",2014-09-06,0
"3172",2014-09-07,0
"3173",2014-09-08,0
"3174",2014-09-09,2
"3175",2014-09-10,0
"3176",2014-09-11,0
"3177",2014-09-12,0
"3178",2014-09-13,0
"3179",2014-09-14,0
"3180",2014-09-15,0
"3181",2014-09-16,0
"3182",2014-09-17,0
"3183",2014-09-18,0
"3184",2014-09-19,0
"3185",2014-09-20,0
"3186",2014-09-21,0
"3187",2014-09-22,0
"3188",2014-09-23,7
"3189",2014-09-24,0
"3190",2014-09-25,0
"3191",2014-09-26,0
"3192",2014-09-27,0
"3193",2014-09-28,0
"3194",2014-09-29,0
"3195",2014-09-30,8
"3196",2014-10-01,0
"3197",2014-10-02,0
"3198",2014-10-03,0
"3199",2014-10-04,0
"3200",2014-10-05,0
"3201",2014-10-06,0
"3202",2014-10-07,12
"3203",2014-10-08,0
"3204",2014-10-09,0
"3205",2014-10-10,0
"3206",2014-10-11,0
"3207",2014-10-12,0
"3208",2014-10-13,0
"3209",2014-10-14,7
"3210",2014-10-15,0
"3211",2014-10-16,0
"3212",2014-10-17,0
"3213",2014-10-18,0
"3214",2014-10-19,0
"3215",2014-10-20,0
"3216",2014-10-21,10
"3217",2014-10-22,0
"3218",2014-10-23,0
"3219",2014-10-24,0
"3220",2014-10-25,0
"3221",2014-10-26,0
"3222",2014-10-27,0
"3223",2014-10-28,5
"3224",2014-10-29,0
"3225",2014-10-30,0
"3226",2014-10-31,0
"3227",2014-11-01,0
"3228",2014-11-02,0
"3229",2014-11-03,0
"3230",2014-11-04,5
"3231",2014-11-05,0
"3232",2014-11-06,0
"3233",2014-11-07,0
"3234",2014-11-08,0
"3235",2014-11-09,0
"3236",2014-11-10,0
"3237",2014-11-11,5
"3238",2014-11-12,0
"3239",2014-11-13,0
"3240",2014-11-14,0
"3241",2014-11-15,0
"3242",2014-11-16,0
"3243",2014-11-17,0
"3244",2014-11-18,6
"3245",2014-11-19,0
"3246",2014-11-20,0
"3247",2014-11-21,0
"3248",2014-11-22,0
"3249",2014-11-23,0
"3250",2014-11-24,0
"3251",2014-11-25,4
"3252",2014-11-26,0
"3253",2014-11-27,0
"3254",2014-11-28,0
"3255",2014-11-29,0
"3256",2014-11-30,0
"3257",2014-12-01,0
"3258",2014-12-02,12
"3259",2014-12-03,0
"3260",2014-12-04,0
"3261",2014-12-05,0
"3262",2014-12-06,0
"3263",2014-12-07,0
"3264",2014-12-08,0
"3265",2014-12-09,2
"3266",2014-12-10,0
"3267",2014-12-11,0
"3268",2014-12-12,0
"3269",2014-12-13,0
"3270",2014-12-14,0
"3271",2014-12-15,0
"3272",2014-12-16,1
"3273",2014-12-17,0
"3274",2014-12-18,0
"3275",2014-12-19,0
"3276",2014-12-20,0
"3277",2014-12-21,0
"3278",2014-12-22,0
"3279",2014-12-23,14
"3280",2014-12-24,0
"3281",2014-12-25,0
"3282",2014-12-26,0
"3283",2014-12-27,0
"3284",2014-12-28,0
"3285",2014-12-29,0
"3286",2014-12-30,11
"3287",2014-12-31,0
"3288",2015-01-01,0
"3289",2015-01-02,0
"3290",2015-01-03,0
"3291",2015-01-04,0
"3292",2015-01-05,0
"3293",2015-01-06,7
"3294",2015-01-07,0
"3295",2015-01-08,0
"3296",2015-01-09,0
"3297",2015-01-10,0
"3298",2015-01-11,0
"3299",2015-01-12,0
"3300",2015-01-13,1
"3301",2015-01-14,0
"3302",2015-01-15,0
"3303",2015-01-16,0
"3304",2015-01-17,0
"3305",2015-01-18,0
"3306",2015-01-19,0
"3307",2015-01-20,0
"3308",2015-01-21,0
"3309",2015-01-22,0
"3310",2015-01-23,0
"3311",2015-01-24,0
"3312",2015-01-25,0
"3313",2015-01-26,0
"3314",2015-01-27,5
"3315",2015-01-28,0
"3316",2015-01-29,0
"3317",2015-01-30,0
"3318",2015-01-31,0
"3319",2015-02-01,0
"3320",2015-02-02,0
"3321",2015-02-03,3
"3322",2015-02-04,0
"3323",2015-02-05,0
"3324",2015-02-06,0
"3325",2015-02-07,0
"3326",2015-02-08,0
"3327",2015-02-09,0
"3328",2015-02-10,0
"3329",2015-02-11,0
"3330",2015-02-12,0
"3331",2015-02-13,0
"3332",2015-02-14,0
"3333",2015-02-15,0
"3334",2015-02-16,0
"3335",2015-02-17,4
"3336",2015-02-18,0
"3337",2015-02-19,0
"3338",2015-02-20,0
"3339",2015-02-21,0
"3340",2015-02-22,0
"3341",2015-02-23,0
"3342",2015-02-24,3
"3343",2015-02-25,0
"3344",2015-02-26,0
"3345",2015-02-27,0
"3346",2015-02-28,0
"3347",2015-03-01,0
"3348",2015-03-02,0
"3349",2015-03-03,6
"3350",2015-03-04,0
"3351",2015-03-05,0
"3352",2015-03-06,0
"3353",2015-03-07,0
"3354",2015-03-08,0
"3355",2015-03-09,0
"3356",2015-03-10,10
"3357",2015-03-11,0
"3358",2015-03-12,0
"3359",2015-03-13,0
"3360",2015-03-14,0
"3361",2015-03-15,0
"3362",2015-03-16,0
"3363",2015-03-17,11
"3364",2015-03-18,0
"3365",2015-03-19,0
"3366",2015-03-20,0
"3367",2015-03-21,0
"3368",2015-03-22,0
"3369",2015-03-23,0
"3370",2015-03-24,6
"3371",2015-03-25,0
"3372",2015-03-26,0
"3373",2015-03-27,0
"3374",2015-03-28,0
"3375",2015-03-29,0
"3376",2015-03-30,0
"3377",2015-03-31,23
"3378",2015-04-01,0
"3379",2015-04-02,0
"3380",2015-04-03,0
"3381",2015-04-04,0
"3382",2015-04-05,0
"3383",2015-04-06,0
"3384",2015-04-07,10
"3385",2015-04-08,0
"3386",2015-04-09,0
"3387",2015-04-10,0
"3388",2015-04-11,0
"3389",2015-04-12,0
"3390",2015-04-13,0
"3391",2015-04-14,6
"3392",2015-04-15,0
"3393",2015-04-16,0
"3394",2015-04-17,0
"3395",2015-04-18,0
"3396",2015-04-19,0
"3397",2015-04-20,0
"3398",2015-04-21,0
"3399",2015-04-22,0
"3400",2015-04-23,0
"3401",2015-04-24,0
"3402",2015-04-25,0
"3403",2015-04-26,0
"3404",2015-04-27,0
"3405",2015-04-28,13
"3406",2015-04-29,0
"3407",2015-04-30,0
"3408",2015-05-01,0
"3409",2015-05-02,0
"3410",2015-05-03,0
"3411",2015-05-04,0
"3412",2015-05-05,8
"3413",2015-05-06,0
"3414",2015-05-07,0
"3415",2015-05-08,0
"3416",2015-05-09,0
"3417",2015-05-10,0
"3418",2015-05-11,0
"3419",2015-05-12,1
"3420",2015-05-13,0
"3421",2015-05-14,0
"3422",2015-05-15,0
"3423",2015-05-16,0
"3424",2015-05-17,0
"3425",2015-05-18,0
"3426",2015-05-19,9
"3427",2015-05-20,0
"3428",2015-05-21,0
"3429",2015-05-22,0
"3430",2015-05-23,0
"3431",2015-05-24,0
"3432",2015-05-25,0
"3433",2015-05-26,7
"3434",2015-05-27,0
"3435",2015-05-28,0
"3436",2015-05-29,0
"3437",2015-05-30,0
"3438",2015-05-31,0
"3439",2015-06-01,0
"3440",2015-06-02,3
"3441",2015-06-03,0
"3442",2015-06-04,0
"3443",2015-06-05,0
"3444",2015-06-06,0
"3445",2015-06-07,0
"3446",2015-06-08,0
"3447",2015-06-09,1
"3448",2015-06-10,0
"3449",2015-06-11,0
"3450",2015-06-12,0
"3451",2015-06-13,0
"3452",2015-06-14,0
"3453",2015-06-15,0
"3454",2015-06-16,0
"3455",2015-06-17,0
"3456",2015-06-18,0
"3457",2015-06-19,0
"3458",2015-06-20,0
"3459",2015-06-21,0
"3460",2015-06-22,0
"3461",2015-06-23,13
"3462",2015-06-24,0
"3463",2015-06-25,0
"3464",2015-06-26,0
"3465",2015-06-27,0
"3466",2015-06-28,0
"3467",2015-06-29,0
"3468",2015-06-30,11
"3469",2015-07-01,0
"3470",2015-07-02,0
"3471",2015-07-03,0
"3472",2015-07-04,0
"3473",2015-07-05,0
"3474",2015-07-06,0
"3475",2015-07-07,15
"3476",2015-07-08,0
"3477",2015-07-09,0
"3478",2015-07-10,0
"3479",2015-07-11,0
"3480",2015-07-12,0
"3481",2015-07-13,0
"3482",2015-07-14,3
"3483",2015-07-15,0
"3484",2015-07-16,0
"3485",2015-07-17,0
"3486",2015-07-18,0
"3487",2015-07-19,0
"3488",2015-07-20,0
"3489",2015-07-21,0
"3490",2015-07-22,0
"3491",2015-07-23,0
"3492",2015-07-24,0
"3493",2015-07-25,0
"3494",2015-07-26,0
"3495",2015-07-27,0
"3496",2015-07-28,0
"3497",2015-07-29,0
"3498",2015-07-30,0
"3499",2015-07-31,0
"3500",2015-08-01,0
"3501",2015-08-02,0
"3502",2015-08-03,0
"3503",2015-08-04,14
"3504",2015-08-05,0
"3505",2015-08-06,0
"3506",2015-08-07,0
"3507",2015-08-08,0
"3508",2015-08-09,0
"3509",2015-08-10,0
"3510",2015-08-11,37
"3511",2015-08-12,0
"3512",2015-08-13,0
"3513",2015-08-14,0
"3514",2015-08-15,0
"3515",2015-08-16,0
"3516",2015-08-17,0
"3517",2015-08-18,3
"3518",2015-08-19,0
"3519",2015-08-20,0
"3520",2015-08-21,0
"3521",2015-08-22,0
"3522",2015-08-23,0
"3523",2015-08-24,0
"3524",2015-08-25,12
"3525",2015-08-26,0
"3526",2015-08-27,0
"3527",2015-08-28,0
"3528",2015-08-29,0
"3529",2015-08-30,0
"3530",2015-08-31,0
"3531",2015-09-01,3
"3532",2015-09-02,0
"3533",2015-09-03,0
"3534",2015-09-04,0
"3535",2015-09-05,0
"3536",2015-09-06,0
"3537",2015-09-07,0
"3538",2015-09-08,3
"3539",2015-09-09,0
"3540",2015-09-10,0
"3541",2015-09-11,0
"3542",2015-09-12,0
"3543",2015-09-13,0
"3544",2015-09-14,0
"3545",2015-09-15,4
"3546",2015-09-16,0
"3547",2015-09-17,0
"3548",2015-09-18,0
"3549",2015-09-19,0
"3550",2015-09-20,0
"3551",2015-09-21,0
"3552",2015-09-22,3
"3553",2015-09-23,0
"3554",2015-09-24,0
"3555",2015-09-25,0
"3556",2015-09-26,0
"3557",2015-09-27,0
"3558",2015-09-28,0
"3559",2015-09-29,5
"3560",2015-09-30,0
"3561",2015-10-01,0
"3562",2015-10-02,0
"3563",2015-10-03,0
"3564",2015-10-04,0
"3565",2015-10-05,0
"3566",2015-10-06,6
"3567",2015-10-07,0
"3568",2015-10-08,0
"3569",2015-10-09,0
"3570",2015-10-10,0
"3571",2015-10-11,0
"3572",2015-10-12,0
"3573",2015-10-13,22
"3574",2015-10-14,0
"3575",2015-10-15,0
"3576",2015-10-16,0
"3577",2015-10-17,0
"3578",2015-10-18,0
"3579",2015-10-19,0
"3580",2015-10-20,12
"3581",2015-10-21,0
"3582",2015-10-22,0
"3583",2015-10-23,0
"3584",2015-10-24,0
"3585",2015-10-25,0
"3586",2015-10-26,0
"3587",2015-10-27,7
"3588",2015-10-28,0
"3589",2015-10-29,0
"3590",2015-10-30,0
"3591",2015-10-31,0
"3592",2015-11-01,0
"3593",2015-11-02,0
"3594",2015-11-03,26
"3595",2015-11-04,0
"3596",2015-11-05,0
"3597",2015-11-06,0
"3598",2015-11-07,0
"3599",2015-11-08,0
"3600",2015-11-09,0
"3601",2015-11-10,35
"3602",2015-11-11,0
"3603",2015-11-12,0
"3604",2015-11-13,0
"3605",2015-11-14,0
"3606",2015-11-15,0
"3607",2015-11-16,0
"3608",2015-11-17,2
"3609",2015-11-18,0
"3610",2015-11-19,0
"3611",2015-11-20,0
"3612",2015-11-21,0
"3613",2015-11-22,0
"3614",2015-11-23,0
"3615",2015-11-24,9
"3616",2015-11-25,0
"3617",2015-11-26,0
"3618",2015-11-27,0
"3619",2015-11-28,0
"3620",2015-11-29,0
"3621",2015-11-30,0
"3622",2015-12-01,1
"3623",2015-12-02,0
"3624",2015-12-03,0
"3625",2015-12-04,0
"3626",2015-12-05,0
"3627",2015-12-06,0
"3628",2015-12-07,0
"3629",2015-12-08,29
"3630",2015-12-09,0
"3631",2015-12-10,0
"3632",2015-12-11,0
"3633",2015-12-12,0
"3634",2015-12-13,0
"3635",2015-12-14,0
"3636",2015-12-15,1
"3637",2015-12-16,0
"3638",2015-12-17,0
"3639",2015-12-18,0
"3640",2015-12-19,0
"3641",2015-12-20,0
"3642",2015-12-21,0
"3643",2015-12-22,1
"3644",2015-12-23,0
"3645",2015-12-24,0
"3646",2015-12-25,0
"3647",2015-12-26,0
"3648",2015-12-27,0
"3649",2015-12-28,0
"3650",2015-12-29,2
"3651",2015-12-30,0
"3652",2015-12-31,0
